subreddit,title,score,num_comments,url,created_utc,cleaned_text,processed_text
cryptocurrency,Moon Week 59,10,76,https://www.reddit.com/r/CryptoCurrency/comments/1j5f6tn/moon_week_59/,1741321438.0,moon week 59,moon week 59
cryptocurrency,"Daily Crypto Discussion - March 13, 2025 (GMT+0)",25,436,https://www.reddit.com/r/CryptoCurrency/comments/1j9ys8p/daily_crypto_discussion_march_13_2025_gmt0/,1741824054.0,daily crypto discussion  march 13 2025 gmt0,daily crypto discussion march 13 2025 gmt0
cryptocurrency,Ethereum down 33% since Eric Trump suggested it was a 'great time' to buy,1143,217,https://protos.com/ethereum-down-33-since-eric-trump-suggested-it-was-a-great-time-to-buy/,1741851143.0,ethereum down 33 since eric trump suggested it was a great time to buy,ethereum down 33 since eric trump suggested great time buy
cryptocurrency,Probably unrelated,288,62,https://i.redd.it/ux37n7khrgoe1.png,1741874621.0,probably unrelated,probably unrelated
cryptocurrency,India arrests Russian resident wanted by US over $152 billion cryptocurrency money-laundering scheme,238,9,https://www.abc.net.au/news/2025-03-13/india-arrests-aleksej-besciokov-over-garantex-cryptocurrency/105049710,1741859437.0,india arrests russian resident wanted by us over 152 billion cryptocurrency moneylaundering scheme,india arrests russian resident wanted us over 152 billion cryptocurrency moneylaundering scheme
cryptocurrency,"Sen. Lummis Reintroduces Bitcoin Act, Which Would Allow US to Buy $80 Billion in BTC",64,61,https://decrypt.co/309542/lummis-bitcoin-act-us-governernment-buy-1-million-bitcoin,1741871058.0,sen lummis reintroduces bitcoin act which would allow us to buy 80 billion in btc,sen lummis reintroduces bitcoin act which would allow us buy 80 billion btc
cryptocurrency,US Head Of State to acquire a stake in Binance,55,15,https://www.wsj.com/finance/currencies/trump-family-has-held-deal-talks-with-binance-following-crypto-exchanges-guilty-plea-05b029fa,1741871847.0,us head of state to acquire a stake in binance,us head state acquire stake binance
cryptocurrency,Argentina Files for Interpol Red Notice for LIBRA Token Creator Amid Political Scandal,53,15,https://crypto-economy.com/argentina-files-for-interpol-red-notice-for-libra-token-creator-amid-political-scandal/,1741865652.0,argentina files for interpol red notice for libra token creator amid political scandal,argentina files interpol red notice libra token creator amid political scandal
cryptocurrency,"4 years ago today, someone bought this JPEG for $69 million üíÄ",5197,506,https://i.redd.it/epf86fyb48oe1.png,1741774445.0,4 years ago today someone bought this jpeg for 69 million,4 years ago today someone bought jpeg 69 million
cryptocurrency,"Crypto trader swaps $733,000 for just $19,000 in large sandwich attack",554,165,https://www.theblock.co/post/345977/crypto-trader-swaps-733000-for-just-19000-in-large-sandwich-attack?utm_source=rss&utm_medium=rss,1741811578.0,crypto trader swaps 733000 for just 19000 in large sandwich attack,crypto trader swaps 733000 just 19000 large sandwich attack
cryptocurrency,"Apple Just Announced The New iPhone, Exclusive For ETH Holders",743,54,https://www.reddit.com/gallery/1j9ob7o,1741797465.0,apple just announced the new iphone exclusive for eth holders,apple just announced new iphone exclusive eth holders
cryptocurrency,Crypto criminals and convicted politicians line up for Trump‚Äôs pardon,435,87,https://www.cryptopolitan.com/crypto-criminals-and-convicted-politicians-line-up-for-trumps-pardon/,1741796225.0,crypto criminals and convicted politicians line up for trumps pardon,crypto criminals convicted politicians line up trumps pardon
cryptocurrency,"No risk, no rari. All in on Bitcoin",748,28,https://i.redd.it/47bvr754d9oe1.png,1741785124.0,no risk no rari all in on bitcoin,risk rari all bitcoin
cryptocurrency,Regulated Crypto Payments in the UAE,6,3,https://ripple.com/ripple-press/regulated-crypto-payments-in-the-uae/,1741863983.0,regulated crypto payments in the uae,regulated crypto payments uae
cryptocurrency,"Coinbase to Halt Trading of Meme Coins Floki, Turbo, and Giga in New York",15,2,https://decrypt.co/309814/coinbase-to-halt-trading-of-meme-coins-floki-turbo-and-giga-in-new-york,1741847571.0,coinbase to halt trading of meme coins floki turbo and giga in new york,coinbase halt trading meme coins floki turbo giga new york
cryptocurrency,ETH to BTC falls to .02267 a ~5 year low that hasn't been since May 2020. This means since mid 2017 there is now only a 10.5 month period where you'd be up purchasing Ethereum compared to purchasing Bitcoin (late 2019 early 2020).,251,131,https://i.redd.it/xtjhupkav9oe1.png,1741791177.0,eth to btc falls to 02267 a 5 year low that hasnt been since may 2020 this means since mid 2017 there is now only a 105 month period where youd be up purchasing ethereum compared to purchasing bitcoin late 2019 early 2020,eth btc falls 02267 5 year low hasnt been since may 2020 means since mid 2017 now only 105 month period where youd up purchasing ethereum compared purchasing bitcoin late 2019 early 2020
cryptocurrency,Whale‚Äôs Nine Figure ETH Liquidation Costs Hyperliquid $4 Million,7,3,https://thedefiant.io/news/defi/whale-s-nine-figure-eth-liquidation-costs-hyperliquid-usd4-million,1741861838.0,whales nine figure eth liquidation costs hyperliquid 4 million,whales nine figure eth liquidation costs hyperliquid 4 million
cryptocurrency,"So, where does this take us?",291,282,https://www.reddit.com/gallery/1j9jihg,1741784470.0,so where does this take us,so where does take us
cryptocurrency,Solana revenue slumps 93% from January high after memecoin bubble bursts,175,40,https://cointelegraph.com/news/solana-revenue-slumps-90-from-january-high-memecoin-mania-dies,1741793998.0,solana revenue slumps 93 from january high after memecoin bubble bursts,solana revenue slumps 93 from january high after memecoin bubble bursts
cryptocurrency,The GENIUS stablecoin bill is a CBDC trojan horse,23,15,https://cointelegraph.com/news/genius-stablecoin-bill-cbdc-trojan-horse,1741831523.0,the genius stablecoin bill is a cbdc trojan horse,genius stablecoin bill cbdc trojan horse
cryptocurrency,Hive: Needs To Tap Into The $350 Billion Open Data Market,2,0,https://peakd.com/hive-167922/@taskmaster4450/hive-needs-to-tap-into-the-350-billion-open-data-market-kqz,1741878306.0,hive needs to tap into the 350 billion open data market,hive needs tap 350 billion open data market
cryptocurrency,Singapore Exchange gears up to list Bitcoin derivatives,10,2,https://m.economictimes.com/markets/cryptocurrency/singapore-exchange-gears-up-to-list-bitcoin-derivatives/articleshow/118865423.cms,1741842697.0,singapore exchange gears up to list bitcoin derivatives,singapore exchange gears up list bitcoin derivatives
cryptocurrency,HANetf Unveils Europe's First Leveraged Crypto ETCs,5,1,https://finance.yahoo.com/news/hanetf-unveils-europes-first-leveraged-234000572.html?guccounter=1&guce_referrer=aHR0cHM6Ly93d3cuZ29vZ2xlLmNvbS8&guce_referrer_sig=AQAAAGzy3ON9wXzpEra8CQE00NrZ92gDsGcgK0E-eIbsysnGcOLpkkEXPTCM4FLRFB6GGUyeU0GHsq4F4oubSh56Uwr1KS8L5KZbDOfFfhKy9UG5jNE_zl-9I7oYJH6JOA4a2QYSEQ9pdRKc22hs-iyJtOdn39eoi2CRpxP5ZFoqmnRD,1741859605.0,hanetf unveils europes first leveraged crypto etcs,hanetf unveils europes first leveraged crypto etcs
cryptocurrency,Solo Miner Mined a Block of Bitcoin On a $299 Device,3143,218,https://cryptorank.io/news/feed/e561f-solo-miner-mined-a-block-of-bitcoin-on-a-299-device,1741727538.0,solo miner mined a block of bitcoin on a 299 device,solo miner mined block bitcoin 299 device
cryptocurrency,Ethereum Lags Behind Bitcoin Rebound as Devs Work Towards Pectra Upgrade,69,48,https://decrypt.co/309663/ethereum-lags-behind-bitcoin-pectra-upgrade,1741801446.0,ethereum lags behind bitcoin rebound as devs work towards pectra upgrade,ethereum lags behind bitcoin rebound devs work towards pectra upgrade
cryptocurrency,Bitcoin Miner Bitdeer's Own BTC Holdings Surge Since Start of Year,21,104,https://decrypt.co/309714/bitcoin-miner-bitdeers-own-btc-holdings-surge-since-start-of-year,1741819407.0,bitcoin miner bitdeers own btc holdings surge since start of year,bitcoin miner bitdeers own btc holdings surge since start year
cryptocurrency,Line Partners With Sony's Soneium to Launch Blockchain Mini-Apps for 200 Million Users ‚Äì News Bytes Bitcoin News,8,0,https://news.bitcoin.com/line-partners-with-sonys-soneium-to-launch-blockchain-mini-apps-for-200-million-users/,1741842318.0,line partners with sonys soneium to launch blockchain miniapps for 200 million users  news bytes bitcoin news,line partners sonys soneium launch blockchain miniapps 200 million users news bytes bitcoin news
cryptocurrency,Russia's central bank considers allowing crypto purchases for qualified investors,52,11,https://cryptobriefing.com/crypto-purchases-for-investors/,1741800724.0,russias central bank considers allowing crypto purchases for qualified investors,russias central bank considers allowing crypto purchases qualified investors
cryptocurrency,Smartphone with Authenticator broken - What can i do with the 16 digit code?,0,5,https://www.reddit.com/r/CryptoCurrency/comments/1jadw9m/smartphone_with_authenticator_broken_what_can_i/,1741877842.0,smartphone with authenticator broken  what can i do with the 16 digit code,smartphone authenticator broken what can i do 16 digit code
cryptocurrency,Will These New People Spark A Crypto Rally,0,0,https://peakd.com/hive-167922/@bitcoinflood/will-these-new-people-spark-a-crypto-rally-7hv,1741876191.0,will these new people spark a crypto rally,new people spark crypto rally
cryptocurrency,Franklin Templeton seeks SEC approval for spot XRP ETF in latest crypto initiative,38,56,https://peakd.com/@faiz1971/franklin-templeton-seeks-sec-approval-for-spot-xrp-etf-in-latest-crypto-initiative-6db,1741802007.0,franklin templeton seeks sec approval for spot xrp etf in latest crypto initiative,franklin templeton seeks sec approval spot xrp etf latest crypto initiative
cryptocurrency,North Korean Lazarus hackers infect hundreds via npm packages,510,46,https://www.bleepingcomputer.com/news/security/north-korean-lazarus-hackers-infect-hundreds-via-npm-packages/,1741750898.0,north korean lazarus hackers infect hundreds via npm packages,north korean lazarus hackers infect hundreds via npm packages
cryptocurrency,CypherGoat is live - The First Open Source Crypto Swap Aggregator!,1,5,https://www.reddit.com/r/CryptoCurrency/comments/1jabgfm/cyphergoat_is_live_the_first_open_source_crypto/,1741871012.0,cyphergoat is live  the first open source crypto swap aggregator,cyphergoat live first open source crypto swap aggregator
cryptocurrency,Nebraska passes act on crypto ATMs to protect consumers,4,2,https://www.cryptopolitan.com/nebraska-act-crypto-atms-protect-consumers/,1741835484.0,nebraska passes act on crypto atms to protect consumers,nebraska passes act crypto atms protect consumers
cryptocurrency,"Tether‚Äôs Paolo Ardoino Says USDT Stablecoin Issuer ‚ÄòHas Been Through Hell‚Äô, Is Cheered On at Cantor Conference",5,7,https://www.coindesk.com/business/2025/03/12/tether-s-paolo-ardoino-says-stablecoin-issuer-has-been-through-hell-is-cheered-on-at-cantor-conference,1741834518.0,tethers paolo ardoino says usdt stablecoin issuer has been through hell is cheered on at cantor conference,tethers paolo ardoino says usdt stablecoin issuer has been through hell cheered cantor conference
cryptocurrency,"Bolivia turns to crypto for energy import payments amid dollar, fuel shortages",54,9,https://www.reuters.com/markets/bolivia-turns-crypto-energy-imports-amid-dollar-fuel-shortages-2025-03-12/,1741788083.0,bolivia turns to crypto for energy import payments amid dollar fuel shortages,bolivia turns crypto energy import payments amid dollar fuel shortages
cryptocurrency,If you're not selling...,1877,194,https://i.redd.it/rco53082f3oe1.jpeg,1741713032.0,if youre not selling,youre selling
cryptocurrency,How could someone manually create a transaction on a blockchain?,0,27,https://www.reddit.com/r/CryptoCurrency/comments/1ja81fc/how_could_someone_manually_create_a_transaction/,1741858142.0,how could someone manually create a transaction on a blockchain,how could someone manually create transaction blockchain
cryptocurrency,Coinbase returns to India: Crypto exchange confirms securing FIU regulatory nod,17,1,https://indianexpress.com/article/technology/tech-news-technology/coinbase-crypto-exchange-india-return-fiu-registration-9880736/,1741796992.0,coinbase returns to india crypto exchange confirms securing fiu regulatory nod,coinbase returns india crypto exchange confirms securing fiu regulatory nod
cryptocurrency,"Fluid Money Market is Now Live on Polygon - High LTVs, Low Fees, and 1.5M POL in Incentives",0,5,https://www.reddit.com/gallery/1ja6laq,1741851136.0,fluid money market is now live on polygon  high ltvs low fees and 15m pol in incentives,fluid money market now live polygon high ltvs low fees 15m pol incentives
cryptocurrency,Bolivia to use Crypto for energy imports amid U.S. dollar shortage,17,7,https://crypto.news/bolivia-to-use-crypto-for-energy-imports-amid-u-s-dollar-shortage-report/,1741793822.0,bolivia to use crypto for energy imports amid us dollar shortage,bolivia use crypto energy imports amid us dollar shortage
cryptocurrency,BlackRock CEO Issues Serious Warning Amid $1 Trillion Bitcoin And Crypto Price Sell-Off,821,177,https://www.forbes.com/sites/digital-assets/2025/03/11/blackrock-ceo-issues-serious-warning-amid-1-trillion-bitcoin-and-crypto-price-sell-off/,1741715930.0,blackrock ceo issues serious warning amid 1 trillion bitcoin and crypto price selloff,blackrock ceo issues serious warning amid 1 trillion bitcoin crypto price selloff
cryptocurrency,JUST IN: US House passes resolution to overturn the IRS DeFi broker rule.,215,40,https://www.reddit.com/r/CryptoCurrency/comments/1j978oo/just_in_us_house_passes_resolution_to_overturn/,1741741974.0,just in us house passes resolution to overturn the irs defi broker rule,just us house passes resolution overturn irs defi broker rule
cryptocurrency,Suspicious High-Leverage Trades on Hyperliquid Raise Money Laundering Concerns,30,4,https://beincrypto.com/hyperliquid-trades-money-laundering-concerns/,1741777580.0,suspicious highleverage trades on hyperliquid raise money laundering concerns,suspicious highleverage trades hyperliquid raise money laundering concerns
cryptocurrency,ETH/BTC Slips to Lowest Since December 2020 as Ethereum Loses Key Support,116,53,https://www.fxempire.com/forecasts/article/eth-btc-slips-to-lowest-since-december-2020-as-ethereum-loses-key-support-1503514,1741747550.0,ethbtc slips to lowest since december 2020 as ethereum loses key support,ethbtc slips lowest since december 2020 ethereum loses key support
cryptocurrency,Congress to introduce Strategic Bitcoin Reserve legislation in the House today to buy 1 million Bitcoin.,621,184,https://ecency.com/hive-182156/@theworldaroundme/congress-to-introduce-strategic-bitcoin,1741712708.0,congress to introduce strategic bitcoin reserve legislation in the house today to buy 1 million bitcoin,congress introduce strategic bitcoin reserve legislation house today buy 1 million bitcoin
cryptocurrency,Coinbase Help,0,6,https://www.reddit.com/r/CryptoCurrency/comments/1ja3eek/coinbase_help/,1741838045.0,coinbase help,coinbase help
cryptocurrency,BCH Weekly News March 11th - PAYTACA - BUGS.CASH - BCH BLISS CONFERENCE,0,1,https://medium.com/@BCHF_ORG/bitcoincash-weekly-news-march-11th-2025-by-the-bchf-f25764cea038,1741850162.0,bch weekly news march 11th  paytaca  bugscash  bch bliss conference,bch weekly news march 11th paytaca bugscash bch bliss conference
cryptocurrency,Opening old .wallet files,3,5,https://www.reddit.com/r/CryptoCurrency/comments/1j9u751/opening_old_wallet_files/,1741811770.0,opening old wallet files,opening old wallet files
cryptocurrency,Michael Saylor: A U.S. Bitcoin Reserve Could Cement America's Financial Dominance This Century,160,186,https://i.redd.it/h8jh9q0o15oe1.png,1741732752.0,michael saylor a us bitcoin reserve could cement americas financial dominance this century,michael saylor us bitcoin reserve could cement americas financial dominance century
cryptocurrency,"Ethereum (ETH) holders are fighting liquidations as price sinks under $2,000",650,135,https://www.cryptopolitan.com/ethereum-fight-liquidations-price-under-2k/,1741701992.0,ethereum eth holders are fighting liquidations as price sinks under 2000,ethereum eth holders fighting liquidations price sinks under 2000
cryptocurrency,Doing the opposite of what this subreddit recommends is what kept me in profit,235,52,https://www.reddit.com/r/CryptoCurrency/comments/1j8zad3/doing_the_opposite_of_what_this_subreddit/,1741721350.0,doing the opposite of what this subreddit recommends is what kept me in profit,doing opposite what subreddit recommends what kept me profit
cryptocurrency,"Arthur Hayes Predicts Bitcoin Bottom at $70K, Sees Strong Bull Market Ahead",42,63,https://coinstats.app/news/c7c7123838ff18bba1e8ff9295021ab2a0999877416596ba02e8f5d16bdae5c5_Arthur-Hayes-Predicts-Bitcoin-Bottom-at-%2470K%2C-Sees-Strong-Bull-Market-Ahead/,1741748615.0,arthur hayes predicts bitcoin bottom at 70k sees strong bull market ahead,arthur hayes predicts bitcoin bottom 70k sees strong bull market ahead
cryptocurrency,Garantex co-founder Aleksej Besciokov arrested by Indian authorities,1,6,https://crypto.news/garantex-co-founder-aleksej-besciokov-arrested-by-indian-authorities-report/,1741820441.0,garantex cofounder aleksej besciokov arrested by indian authorities,garantex cofounder aleksej besciokov arrested indian authorities
cryptocurrency,Bitcoin and US stocks climb as CPI inflation cools in February,3,8,https://www.theblock.co/post/345894/bitcoin-and-us-stocks-climb-as-cpi-inflation-cools-in-february?utm_source=rss&utm_medium=rss,1741793022.0,bitcoin and us stocks climb as cpi inflation cools in february,bitcoin us stocks climb cpi inflation cools february
cryptocurrency,Will Bitcoin price reclaim $95K before the end of March?,0,16,https://cointelegraph.com/news/will-bitcoin-price-reclaim-95k-before-end-march,1741859815.0,will bitcoin price reclaim 95k before the end of march,bitcoin price reclaim 95k before end march
cryptocurrency,BCH Bull: Breaking Through Traditional DeFi - Blockonomi,0,4,https://blockonomi.com/bch-bull-breaking-through-traditional-defi/,1741850403.0,bch bull breaking through traditional defi  blockonomi,bch bull breaking through traditional defi blockonomi
cryptocurrency,"Instead of buying high and selling low, you should buy low and sell high",420,203,https://www.reddit.com/r/CryptoCurrency/comments/1j8ql8i/instead_of_buying_high_and_selling_low_you_should/,1741699285.0,instead of buying high and selling low you should buy low and sell high,instead buying high selling low you should buy low sell high
cryptocurrency,"Don't let Monday's sell-off scare you out of the market entirely, Jim Cramer says",250,150,https://www.cnbc.com/2025/03/10/dont-let-the-sell-off-scare-you-out-of-the-market-jim-cramer-says.html,1741708434.0,dont let mondays selloff scare you out of the market entirely jim cramer says,dont let mondays selloff scare you out market entirely jim cramer says
cryptocurrency,Deutsche B√∂rse‚Äôs Clearstream To Offer Crypto Custody Services Starting April 2025,25,8,https://99bitcoins.com/news/deutsche-borses-clearstream-to-offer-crypto-custody-services-starting-april-2025/,1741751189.0,deutsche brses clearstream to offer crypto custody services starting april 2025,deutsche brses clearstream offer crypto custody services starting april 2025
cryptocurrency,XRPL Testnet on WhiteRock Shows 3.4s Settlements‚ÄîEnding T+2 Norms?,286,49,https://crypto.news/whiterock-xrpl-testnet-reports-strong-performance-ama-set-for-march-11/,1741703000.0,xrpl testnet on whiterock shows 34s settlementsending t2 norms,xrpl testnet whiterock shows 34s settlementsending t2 norms
cryptocurrency,Texas doubles down on crypto with new $250 million Bitcoin reserve bill,339,29,https://cryptoslate.com/texas-doubles-down-on-crypto-with-new-250-million-bitcoin-reserve-bill/,1741697588.0,texas doubles down on crypto with new 250 million bitcoin reserve bill,texas doubles down crypto new 250 million bitcoin reserve bill
cryptocurrency,This is what BlackRock shows clients about ETH ‚Äì Institutions LOVE these fundamentals,69,76,https://www.reddit.com/gallery/1j900th,1741723149.0,this is what blackrock shows clients about eth  institutions love these fundamentals,what blackrock shows clients about eth institutions love fundamentals
cryptocurrency,How do 12 seed phrase works couldn‚Äôt someone theoretically just run a computer that guesses 12 word phrases and then steal peoples money all day,3,111,https://www.reddit.com/r/CryptoCurrency/comments/1j9rlty/how_do_12_seed_phrase_works_couldnt_someone/,1741805439.0,how do 12 seed phrase works couldnt someone theoretically just run a computer that guesses 12 word phrases and then steal peoples money all day,how do 12 seed phrase works couldnt someone theoretically just run computer guesses 12 word phrases steal peoples money all day
cryptocurrency,I am so tired of winning,1434,46,https://i.redd.it/gpme5zpe0zne1.jpeg,1741659675.0,i am so tired of winning,i am so tired winning
cryptocurrency,President Trump has absolutely no idea what he‚Äôs doing when it comes to crypto | Cryptopolitan,6259,742,https://www.cryptopolitan.com/trump-has-no-idea-when-it-comes-to-crypto/,1741631877.0,president trump has absolutely no idea what hes doing when it comes to crypto  cryptopolitan,president trump has absolutely idea what hes doing when comes crypto cryptopolitan
cryptocurrency,"Daily Crypto Discussion - March 12, 2025 (GMT+0)",27,855,https://www.reddit.com/r/CryptoCurrency/comments/1j95ogr/daily_crypto_discussion_march_12_2025_gmt0/,1741737657.0,daily crypto discussion  march 12 2025 gmt0,daily crypto discussion march 12 2025 gmt0
cryptocurrency,"TravelX just on boarded Cebu Pacific Air, the largest airline in the Philippines. TravelX issues airline tickets as NFTs on Algorand, allowing for real ownership of tickets and the ability to buy/sell/trade your tickets in a peer to peer marketplace.",39,17,https://www.linkedin.com/company/travelxchange/posts,1741729580.0,travelx just on boarded cebu pacific air the largest airline in the philippines travelx issues airline tickets as nfts on algorand allowing for real ownership of tickets and the ability to buyselltrade your tickets in a peer to peer marketplace,travelx just boarded cebu pacific air largest airline philippines travelx issues airline tickets nfts algorand allowing real ownership tickets ability buyselltrade your tickets peer peer marketplace
cryptocurrency,This is without a doubt the shittiest bullrun we ever had,1260,876,https://www.reddit.com/r/CryptoCurrency/comments/1j8gcqx/this_is_without_a_doubt_the_shittiest_bullrun_we/,1741659617.0,this is without a doubt the shittiest bullrun we ever had,without doubt shittiest bullrun we ever had
cryptocurrency,Rip to the Hodlers.,133,60,https://i.redd.it/ho2y4umjf2oe1.png,1741701120.0,rip to the hodlers,rip hodlers
cryptocurrency,Mercado Bitcoin and Polygon Labs Partner on $200M Tokenization Push in Latin America,0,1,https://www.coindesk.com/markets/2025/03/12/mercado-bitcoin-polygon-labs-look-to-issue-usd200m-worth-of-tokenized-assets-in-latin-america,1741791395.0,mercado bitcoin and polygon labs partner on 200m tokenization push in latin america,mercado bitcoin polygon labs partner 200m tokenization push latin america
cryptocurrency,Stablecoin alternatives to USD?,0,15,https://www.reddit.com/r/CryptoCurrency/comments/1j9lhbm/stablecoin_alternatives_to_usd/,1741790060.0,stablecoin alternatives to usd,stablecoin alternatives usd
cryptocurrency,Coinbase wins regulatory nod in India as it seeks re-entry,30,2,https://crypto.news/coinbase-wins-regulatory-nod-in-india-as-it-seeks-re-entry/,1741717386.0,coinbase wins regulatory nod in india as it seeks reentry,coinbase wins regulatory nod india seeks reentry
cryptocurrency,How Algorand & Hedera Complement Each Other ‚Äì A Stronger Future Together?,0,7,/r/AlgoHedera/comments/1j9ihgd/how_algorand_hedera_complement_each_other_a/,1741781311.0,how algorand  hedera complement each other  a stronger future together,how algorand hedera complement each other stronger future together
cryptocurrency,"MGX Invests $2 Billion in Binance, Marking Historic Crypto Deal",0,1,https://www.binance.com/en/square/post/03-12-2025-binance-news-mgx-invests-2-billion-in-binance-marking-historic-crypto-deal-21452383088521,1741793789.0,mgx invests 2 billion in binance marking historic crypto deal,mgx invests 2 billion binance marking historic crypto deal
cryptocurrency,"Bitwise launches ETF tracking companies holding at least 1,000 BTC",37,2,https://www.theblock.co/post/345695/bitwise-launches-etf-tracking-companies-holding-at-least-1000-btc?utm_source=rss&utm_medium=rss,1741709206.0,bitwise launches etf tracking companies holding at least 1000 btc,bitwise launches etf tracking companies holding least 1000 btc
cryptocurrency,"Cathie Wood - ""Deflationary boom in the second half of this year!""",0,34,https://www.reddit.com/r/CryptoCurrency/comments/1j9lfwu/cathie_wood_deflationary_boom_in_the_second_half/,1741789922.0,cathie wood  deflationary boom in the second half of this year,cathie wood deflationary boom second half year
cryptocurrency,Court ruling in Uniswap case sets precedent for DeFi developers‚Äô legal protection,5,6,https://cryptoslate.com/court-ruling-in-uniswap-case-sets-precedent-for-defi-developers-legal-protection/,1741744204.0,court ruling in uniswap case sets precedent for defi developers legal protection,court ruling uniswap case sets precedent defi developers legal protection
cryptocurrency,Sam Bankman-Fried's Tucker Carlson interview reportedly landed him in solitary confinement,843,68,https://fortune.com/2025/03/10/sam-bankman-fried-sbf-solitary-confinement-tucker-carlson-interview/,1741641891.0,sam bankmanfrieds tucker carlson interview reportedly landed him in solitary confinement,sam bankmanfrieds tucker carlson interview reportedly landed him solitary confinement
cryptocurrency,Is there a stablecoin that does not require a fee when transferred?,0,28,https://www.reddit.com/r/CryptoCurrency/comments/1j9mi53/is_there_a_stablecoin_that_does_not_require_a_fee/,1741792930.0,is there a stablecoin that does not require a fee when transferred,stablecoin does require fee when transferred
cryptocurrency,Spain's Second Largest Bank Gets Green Light to Offer Bitcoin and Ether Trading: Report,166,10,https://www.coindesk.com/policy/2025/03/10/spanish-bank-bbva-gets-green-light-to-offer-btc-and-eth-trading-report,1741670702.0,spains second largest bank gets green light to offer bitcoin and ether trading report,spains second largest bank gets green light offer bitcoin ether trading report
cryptocurrency,Who Controls Your Digital Life?,0,2,https://www.youtube.com/watch?v=sQbzgQJyLAU,1741791864.0,who controls your digital life,who controls your digital life
cryptocurrency,El Salvador and Paraguay Join Forces to Strengthen Crypto Regulations,44,7,https://coinfomania.com/el-salvador-and-paraguay-join-forces-to-strengthen-crypto-regulations/,1741696646.0,el salvador and paraguay join forces to strengthen crypto regulations,el salvador paraguay join forces strengthen crypto regulations
cryptocurrency,Using Crypto to Receive My Salary,0,8,https://www.reddit.com/r/CryptoCurrency/comments/1j9nsrb/using_crypto_to_receive_my_salary/,1741796200.0,using crypto to receive my salary,using crypto receive my salary
cryptocurrency,The most underrated piece of tech? Unpacking Cartesi‚Äôs Stack,0,5,https://www.reddit.com/r/CryptoCurrency/comments/1j9lcg5/the_most_underrated_piece_of_tech_unpacking/,1741789648.0,the most underrated piece of tech unpacking cartesis stack,most underrated piece tech unpacking cartesis stack
cryptocurrency,Robinhood crypto trading volume cools from post-election surge,9,0,https://www.theblock.co/post/345728/robinhood-crypto-trading-volume-cools-from-post-election-surge,1741729351.0,robinhood crypto trading volume cools from postelection surge,robinhood crypto trading volume cools from postelection surge
cryptocurrency,"Strategy stock plummets 50% from November peak, but Saylor keeps betting big on BTC",68,36,https://crypto.news/strategy-stock-plummets-50-from-november-peak-but-saylor-keeps-betting-big-on-btc/,1741680914.0,strategy stock plummets 50 from november peak but saylor keeps betting big on btc,strategy stock plummets 50 from november peak saylor keeps betting big btc
cryptocurrency,"Buzz around that the U.S. government could theoretically benefit from buying XRP at $10,000/coin. Can it happen?",0,30,https://www.reddit.com/r/CryptoCurrency/comments/1j9ziwo/buzz_around_that_the_us_government_could/,1741826134.0,buzz around that the us government could theoretically benefit from buying xrp at 10000coin can it happen,buzz around us government could theoretically benefit from buying xrp 10000coin can happen
cryptocurrency,Bitcoin nears $78K lows as US stocks dive at the Wall Street open,966,153,https://cointelegraph.com/news/bitcoin-nears-78k-lows-us-stocks-dive-wall-street-open,1741624359.0,bitcoin nears 78k lows as us stocks dive at the wall street open,bitcoin nears 78k lows us stocks dive wall street open
cryptocurrency,Trump Plans to Sign Executive Order Ending Biden-Era Crypto Debanking - Decrypt,478,210,https://decrypt.co/309392/trump-executive-order-end-biden-crypto-debanking-operation-chokepoint,1741636103.0,trump plans to sign executive order ending bidenera crypto debanking  decrypt,trump plans sign executive order ending bidenera crypto debanking decrypt
cryptocurrency,Coinbase Plans India Comeback After Securing Regulatory Registration With FIU,21,2,https://www.coindesk.com/business/2025/03/11/coinbase-plans-india-comeback-after-securing-regulatory-registration-with-fiu,1741696153.0,coinbase plans india comeback after securing regulatory registration with fiu,coinbase plans india comeback after securing regulatory registration fiu
cryptocurrency,Ethereum is at its lowest price since November 2023 and is down 32% against Bitcoin since the Nov. 2024 US presidential Election,547,174,https://i.redd.it/efjy0m1jswne1.png,1741632849.0,ethereum is at its lowest price since november 2023 and is down 32 against bitcoin since the nov 2024 us presidential election,ethereum its lowest price since november 2023 down 32 against bitcoin since nov 2024 us presidential election
cryptocurrency,"Ether Guild: working to elevate ETH, the money, in service of Ethereum, the computer",9,10,https://paragraph.xyz/@etherguild/introducing-ether-guild,1741711448.0,ether guild working to elevate eth the money in service of ethereum the computer,ether guild working elevate eth money service ethereum computer
cryptocurrency,Crypto Crash: Liquidations Soar 400% As Fear Index Hits Extreme Lows,417,100,https://www.binance.com/en/square/post/21366469110841,1741633786.0,crypto crash liquidations soar 400 as fear index hits extreme lows,crypto crash liquidations soar 400 fear index hits extreme lows
cryptocurrency,The Time Miners Always Wanted Is Finally Here!!!,0,3,https://youtu.be/686ktusNs7g,1741789189.0,the time miners always wanted is finally here,time miners always wanted finally here
cryptocurrency,"I thought I was prepared for this cycle, but damn‚Ä¶",310,218,https://www.reddit.com/r/CryptoCurrency/comments/1j87ix1/i_thought_i_was_prepared_for_this_cycle_but_damn/,1741636005.0,i thought i was prepared for this cycle but damn,i thought i prepared cycle damn
cryptocurrency,EU watchdogs scrutinizing OKX over $100M in Bybit laundered funds,2,1,https://cointelegraph.com/news/eu-watchdogs-scrutinizing-okx-100m-bybit-laundered-funds?utm_source=feedly_feed&utm_medium=rss&utm_campaign=rss_partner_inbound,1741726441.0,eu watchdogs scrutinizing okx over 100m in bybit laundered funds,eu watchdogs scrutinizing okx over 100m bybit laundered funds
cryptocurrency,"El Salvador defies IMF, continues Bitcoin purchases amid market downtrend",399,54,https://cryptoslate.com/el-salvador-defies-imf-continues-bitcoin-purchases-amid-market-downtrend/,1741625203.0,el salvador defies imf continues bitcoin purchases amid market downtrend,el salvador defies imf continues bitcoin purchases amid market downtrend
cryptocurrency,What was the biggest Fail you wisely AVOIDED in Crypto?,23,117,https://www.reddit.com/r/CryptoCurrency/comments/1j8lf6a/what_was_the_biggest_fail_you_wisely_avoided_in/,1741678706.0,what was the biggest fail you wisely avoided in crypto,what biggest fail you wisely avoided crypto
cryptocurrency,Binance Confiscates Market Maker‚Äôs Funds After Discovering Misconduct and ‚ÄòMarket Irregularities‚Äô - The Daily Hodl,10,2,https://dailyhodl.com/2025/03/11/binance-confiscates-market-makers-funds-after-discovering-misconduct-and-market-irregularities/,1741695574.0,binance confiscates market makers funds after discovering misconduct and market irregularities  the daily hodl,binance confiscates market makers funds after discovering misconduct market irregularities daily hodl
bitcoin,Bitcoin Newcomers FAQ - Please read!,141,43,https://www.reddit.com/r/Bitcoin/comments/1f7n947/bitcoin_newcomers_faq_please_read/,1725325533.0,bitcoin newcomers faq  please read,bitcoin newcomers faq please read
bitcoin,"Daily Discussion, March 13, 2025",16,25,https://www.reddit.com/r/Bitcoin/comments/1ja5fkh/daily_discussion_march_13_2025/,1741845888.0,daily discussion march 13 2025,daily discussion march 13 2025
bitcoin,48 Months?? What does he know?,280,110,https://v.redd.it/ys2avmre1goe1,1741865828.0,48 months what does he know,48 months what does he know
bitcoin,RON PAUL: Bitcoin should be legalized as money. Let it compete with U.S. Dollar‚ÄºÔ∏è,231,17,https://i.redd.it/pacuf7tf7goe1.jpeg,1741867901.0,ron paul bitcoin should be legalized as money let it compete with us dollar,ron paul bitcoin should legalized money let compete us dollar
bitcoin,I see it everywhere,147,20,https://i.redd.it/9vclxlh7rfoe1.jpeg,1741862405.0,i see it everywhere,i see everywhere
bitcoin,Russia Opens Door to Major Bitcoin Investments Through New Legal Framework,180,32,https://btcpeers.com/russia-opens-door-to-major-bitcoin-investments-through-new-legal-framework/,1741857094.0,russia opens door to major bitcoin investments through new legal framework,russia opens door major bitcoin investments through new legal framework
bitcoin,Another Normal Day In Bitcoin Market,243,7,https://v.redd.it/gv4xpf1mleoe1,1741848473.0,another normal day in bitcoin market,another normal day bitcoin market
bitcoin,Public Companies Stack BTC üöÄ,237,12,https://i.redd.it/0lwp79urceoe1.jpeg,1741845905.0,public companies stack btc,public companies stack btc
bitcoin,üáßüá¥ NEW: Bolivia‚Äôs state energy firm YPFB to use cryptocurrency to pay for energy imports amid fuel crisis and dollar shortage.,49,4,https://i.redd.it/hoed5bosngoe1.jpeg,1741873358.0,new bolivias state energy firm ypfb to use cryptocurrency to pay for energy imports amid fuel crisis and dollar shortage,new bolivias state energy firm ypfb use cryptocurrency pay energy imports amid fuel crisis dollar shortage
bitcoin,Every. Single. Time.,925,32,https://i.redd.it/qyn331lt0boe1.jpeg,1741805105.0,every single time,every single time
bitcoin,üá∫üá∏ U.S. INFLATION IS DOWN TO 2.8% LOWER THAN EXPECTED. YOU KNOW WHAT HAPPENS NEXT.,1559,133,https://v.redd.it/wm0wbi7gq9oe1,1741789528.0,us inflation is down to 28 lower than expected you know what happens next,us inflation down 28 lower than expected you know what happens next
bitcoin,Slowly then suddenly,740,41,https://i.redd.it/mkxhdy8nvaoe1.jpeg,1741803360.0,slowly then suddenly,slowly suddenly
bitcoin,It's really hard to tell which one of us this could be.,1023,460,https://i.redd.it/u1xl5gtf0aoe1.jpeg,1741792903.0,its really hard to tell which one of us this could be,its really hard tell which one us could
bitcoin,This sub every time bitcon falls by 0.0000000001%,414,18,https://i.redd.it/amaxoffd7boe1.jpeg,1741807299.0,this sub every time bitcon falls by 00000000001,sub every time bitcon falls 00000000001
bitcoin,Keep calm and always remember,52,2,https://i.redd.it/wauhjh4ideoe1.jpeg,1741845735.0,keep calm and always remember,keep calm always remember
bitcoin,I‚Äôm going to buy this much y‚Äôall,456,134,https://i.redd.it/7ta7x1xcoaoe1.jpeg,1741800905.0,im going to buy this much yall,im going buy much yall
bitcoin,I can‚Äôt believe my luck,96,194,https://www.reddit.com/r/Bitcoin/comments/1ja0pdn/i_cant_believe_my_luck/,1741829561.0,i cant believe my luck,i cant believe my luck
bitcoin,Dollar cost averaging frees the soul,197,39,https://www.reddit.com/r/Bitcoin/comments/1j9u1iw/dollar_cost_averaging_frees_the_soul/,1741811375.0,dollar cost averaging frees the soul,dollar cost averaging frees soul
bitcoin,How fast can a chain of 10 people send some bitcoin to and from each other over the lightning network?,222,49,https://v.redd.it/msl0eqc37boe1,1741807407.0,how fast can a chain of 10 people send some bitcoin to and from each other over the lightning network,how fast can chain 10 people send some bitcoin from each other over lightning network
bitcoin,THIS IS WHY WE BITCOIN ‚úä,146,31,https://www.reddit.com/r/Bitcoin/comments/1j9uqye/this_is_why_we_bitcoin/,1741813202.0,this is why we bitcoin,why we bitcoin
bitcoin,"‚ö° Lightning Thursday! March 13, 2025: Explore the Lightning Network!‚ö°",19,2,https://www.reddit.com/r/Bitcoin/comments/1ja68x4/lightning_thursday_march_13_2025_explore_the/,1741849528.0,lightning thursday march 13 2025 explore the lightning network,lightning thursday march 13 2025 explore lightning network
bitcoin,Isn't it bad for Strategy to own so much BTC?,40,81,https://www.reddit.com/r/Bitcoin/comments/1ja1ze6/isnt_it_bad_for_strategy_to_own_so_much_btc/,1741833470.0,isnt it bad for strategy to own so much btc,isnt bad strategy own so much btc
bitcoin,JUST IN: Rumble announces the purchase of $17.1 million in Bitcoin,434,24,https://i.redd.it/prbuijz0k9oe1.jpeg,1741787345.0,just in rumble announces the purchase of 171 million in bitcoin,just rumble announces purchase 171 million bitcoin
bitcoin,HODL,239,16,https://i.redd.it/qrol7cx5haoe1.jpeg,1741798485.0,hodl,hodl
bitcoin,"Bitcoin Leading indicators on one page, with their forecasts",8,3,http://unravel.finance/pulse,1741864517.0,bitcoin leading indicators on one page with their forecasts,bitcoin leading indicators one page forecasts
bitcoin,1) What?,638,176,https://i.redd.it/y1a6ye4yp8oe1.jpeg,1741777232.0,1 what,1 what
bitcoin,The ETF PURGE is abating - fueling a fragile rebound,25,1,https://i.redd.it/xn7ngzxyvdoe1.png,1741839785.0,the etf purge is abating  fueling a fragile rebound,etf purge abating fueling fragile rebound
bitcoin,The fun has just begun,124,5,https://i.redd.it/bba9t3mh4boe1.png,1741806332.0,the fun has just begun,fun has just begun
bitcoin,Fixed it!,27,5,https://i.redd.it/rp6f3g2jkdoe1.jpeg,1741835938.0,fixed it,fixed
bitcoin,THEY CALL ME THE #BITCOIN JESUS,497,24,https://i.redd.it/fucq9o9mj8oe1.jpeg,1741775114.0,they call me the  jesus,call me jesus
bitcoin,Marrti Malmi on Bitcoin in 2009 & Satoshi Nakamoto (Bitcoin Takeover Podcast S16 E12),6,1,https://www.youtube.com/live/Xld93NQH-lI?si=W_YI5ZUMau7_w05f,1741863442.0,marrti malmi on bitcoin in 2009  satoshi nakamoto bitcoin takeover podcast s16 e12,marrti malmi bitcoin 2009 satoshi nakamoto bitcoin takeover podcast s16 e12
bitcoin,Looks like we are heading upwards again!,34,17,https://i.redd.it/ktfifxx5rcoe1.jpeg,1741826064.0,looks like we are heading upwards again,looks like we heading upwards again
bitcoin,Which cold wallet should i use.,2,2,https://www.reddit.com/r/Bitcoin/comments/1jaeb9i/which_cold_wallet_should_i_use/,1741878903.0,which cold wallet should i use,which cold wallet should i use
bitcoin,Bitcoin Adoption Is Not a Choice,202,15,https://v.redd.it/3krw4wurc9oe1,1741784902.0,bitcoin adoption is not a choice,bitcoin adoption choice
bitcoin,On the topic of the M2 Money Supply: Forecast information,6,2,https://tradingeconomics.com/united-states/money-supply-m2,1741852557.0,on the topic of the m2 money supply forecast information,topic m2 money supply forecast information
bitcoin,Strategy for peasants,2,18,https://www.reddit.com/r/Bitcoin/comments/1jab6er/strategy_for_peasants/,1741870149.0,strategy for peasants,strategy peasants
bitcoin,Bitcoi without id,3,9,https://www.reddit.com/r/Bitcoin/comments/1jaauhc/bitcoi_without_id/,1741869082.0,bitcoi without id,bitcoi without id
bitcoin,does it matter what amount i transfer if i hodl?,3,18,https://www.reddit.com/r/Bitcoin/comments/1ja8hq8/does_it_matter_what_amount_i_transfer_if_i_hodl/,1741860153.0,does it matter what amount i transfer if i hodl,does matter what amount i transfer i hodl
bitcoin,NEW: American financial services firm Cantor Fitzgerald launches Bitcoin-backed lending for institutions,118,9,https://i.redd.it/wuwawha5m9oe1.png,1741788067.0,new american financial services firm cantor fitzgerald launches bitcoinbacked lending for institutions,new american financial services firm cantor fitzgerald launches bitcoinbacked lending institutions
bitcoin,TEACHING BITCOIN PROPERLY IN THIS NEWLY PUBLISHED CHILDREN'S ADVENTURE BOOK! YOUR SUPPORT MEANS THE WORLD!,9,1,https://www.reddit.com/r/Bitcoin/comments/1ja375t/teaching_bitcoin_properly_in_this_newly_published/,1741837348.0,teaching bitcoin properly in this newly published childrens adventure book your support means the world,teaching bitcoin properly newly published childrens adventure book your support means world
bitcoin,MtGOX distribution! Finally!!,1,0,https://www.reddit.com/r/Bitcoin/comments/1jaemec/mtgox_distribution_finally/,1741879693.0,mtgox distribution finally,mtgox distribution finally
bitcoin,Store of value,4,1,https://v.redd.it/9czrt5t3xeoe1,1741852276.0,store of value,store value
bitcoin,Blackrock clients salivate over your paperhands,87,28,https://www.reddit.com/r/Bitcoin/comments/1j9lya4/blackrock_clients_salivate_over_your_paperhands/,1741791538.0,blackrock clients salivate over your paperhands,blackrock clients salivate over your paperhands
bitcoin,No But in Orange,64,4,https://i.redd.it/4qi1795q4aoe1.jpeg,1741794302.0,no but in orange,orange
bitcoin,Could backing 10% of new US Treasuries with Bitcoin be the solution to America‚Äôs $36 trillion debt crisis?,141,38,https://v.redd.it/xhxflcxvv8oe1,1741779235.0,could backing 10 of new us treasuries with bitcoin be the solution to americas 36 trillion debt crisis,could backing 10 new us treasuries bitcoin solution americas 36 trillion debt crisis
bitcoin,Sovereign State BTC per Capita. Bravo Bhutan,56,11,https://i.redd.it/2jmdgdv5aaoe1.png,1741796145.0,sovereign state btc per capita bravo bhutan,sovereign state btc per capita bravo bhutan
bitcoin,"Jack Mallers ""The American Monetary Revolution"" | Bitcoin for America",93,2,https://v.redd.it/fomrkj8ed9oe1,1741785318.0,jack mallers the american monetary revolution  bitcoin for america,jack mallers american monetary revolution bitcoin america
bitcoin,The Fiat standard at play,12,5,https://youtu.be/shFUDPqVmTg?si=M4oNWf6pHvJT5WFL,1741818565.0,the fiat standard at play,fiat standard play
bitcoin,"üö® Changelly Admits They Have Everything, But Still Holding 1.057 BTC ($105,000) üö®",81,24,https://i.redd.it/rr7o4fmt29oe1.jpeg,1741781556.0,changelly admits they have everything but still holding 1057 btc 105000,changelly admits have everything still holding 1057 btc 105000
bitcoin,New to bitcoin,12,16,https://www.reddit.com/r/Bitcoin/comments/1j9xal4/new_to_bitcoin/,1741820036.0,new to bitcoin,new bitcoin
bitcoin,"Reality hits hard, but bitcoin profits hit harder",284,15,https://i.redd.it/sppmcd2wq6oe1.jpeg,1741753376.0,reality hits hard but bitcoin profits hit harder,reality hits hard bitcoin profits hit harder
bitcoin,Is this cooking?,5,3,https://www.reddit.com/r/Bitcoin/comments/1ja0cpx/is_this_cooking/,1741828508.0,is this cooking,cooking
bitcoin,13 years ago...crazy. Check out 2nd screenshot.,859,65,https://www.reddit.com/gallery/1j938q9,1741731194.0,13 years agocrazy check out 2nd screenshot,13 years agocrazy check out 2nd screenshot
bitcoin,Your Daily Bitcoin Breakdown newsletter is now live. Check out today‚Äôs Top Stories and a sneak peek at the latest Quick Bits snippets. Full issue link is in the comments.,18,3,https://www.reddit.com/gallery/1j9rezx,1741805001.0,your daily bitcoin breakdown newsletter is now live check out todays top stories and a sneak peek at the latest quick bits snippets full issue link is in the comments,your daily bitcoin breakdown newsletter now live check out todays top stories sneak peek latest quick bits snippets full issue link comments
bitcoin,Full node and Bitaxe,33,3,https://www.reddit.com/gallery/1j9nh6r,1741795407.0,full node and bitaxe,full node bitaxe
bitcoin,'member?,56,15,https://i.redd.it/k8egqfwt69oe1.png,1741783056.0,member,member
bitcoin,Cantor Fitzgerald (US Commerce Secretary Firm) Launches Bitcoin Financing Business,25,3,"https://www.marketsmedia.com/cantor-fitzgerald-launches-bitcoin-financing-business/#:~:text=Cantor%20Fitzgerald%20announced%20that%20Anchorage,institutional%20investors%20who%20hold%20Bitcoin.",1741799056.0,cantor fitzgerald us commerce secretary firm launches bitcoin financing business,cantor fitzgerald us commerce secretary firm launches bitcoin financing business
bitcoin,"Blue door, my mistake was not buying Bitcoin in 2010 when I first heard about it :(",500,138,https://i.redd.it/4oh3fg7km5oe1.jpeg,1741739885.0,blue door my mistake was not buying bitcoin in 2010 when i first heard about it,blue door my mistake buying bitcoin 2010 when i first heard about
bitcoin,Simple math,227,5,https://i.redd.it/ope93wbzv6oe1.jpeg,1741755040.0,simple math,simple math
bitcoin,Why is everyone losing their shit over a 30% pull back?,605,331,https://www.reddit.com/r/Bitcoin/comments/1j94d38/why_is_everyone_losing_their_shit_over_a_30_pull/,1741734156.0,why is everyone losing their shit over a 30 pull back,why everyone losing shit over 30 pull back
bitcoin,"If you see what I see, you are on the right path.",745,35,https://i.redd.it/z7q5sx4js4oe1.jpeg,1741729668.0,if you see what i see you are on the right path,you see what i see you right path
bitcoin,I Built an HTML5 Bitcoin Game: Can YOU Beat the HODLer,35,13,https://www.reddit.com/r/Bitcoin/comments/1j9kr47/i_built_an_html5_bitcoin_game_can_you_beat_the/,1741788062.0,i built an html5 bitcoin game can you beat the hodler,i built html5 bitcoin game can you beat hodler
bitcoin,"I love bitcoin, here are some reasons why!",21,21,https://www.reddit.com/r/Bitcoin/comments/1j9n4e3/i_love_bitcoin_here_are_some_reasons_why/,1741794536.0,i love bitcoin here are some reasons why,i love bitcoin here some reasons why
bitcoin,What happens to BTC when?,1,8,https://www.reddit.com/r/Bitcoin/comments/1ja71i5/what_happens_to_btc_when/,1741853307.0,what happens to btc when,what happens btc when
bitcoin,EmberAppReferralCodd,0,0,https://www.reddit.com/r/Bitcoin/comments/1ja6yo1/emberappreferralcodd/,1741852913.0,emberappreferralcodd,emberappreferralcodd
bitcoin,Bitcoin World,12,0,https://i.redd.it/jk4wicm7uaoe1.gif,1741802881.0,bitcoin world,bitcoin world
bitcoin,Success Stories,0,2,https://www.reddit.com/r/Bitcoin/comments/1ja9kl0/success_stories/,1741864545.0,success stories,success stories
bitcoin,Gov't buying Bitcoin,0,8,https://www.reddit.com/r/Bitcoin/comments/1jae3cj/govt_buying_bitcoin/,1741878338.0,govt buying bitcoin,govt buying bitcoin
bitcoin,Found Screenshots from June 2023. True Wealth Preservation,18,0,https://i.redd.it/6evv6chej9oe1.png,1741787130.0,found screenshots from june 2023 true wealth preservation,found screenshots from june 2023 true wealth preservation
bitcoin,what's your average cost?,53,334,https://www.reddit.com/r/Bitcoin/comments/1j9fae6/whats_your_average_cost/,1741767679.0,whats your average cost,whats your average cost
bitcoin,Pro money printing?,3,19,https://www.reddit.com/r/Bitcoin/comments/1j9y6ni/pro_money_printing/,1741822392.0,pro money printing,pro money printing
bitcoin,Spending entire savings on Bitcoin,130,59,https://www.reddit.com/r/Bitcoin/comments/1j995bp/spending_entire_savings_on_bitcoin/,1741747522.0,spending entire savings on bitcoin,spending entire savings bitcoin
bitcoin,The Bitcoin Newtonian Prediction Model (Updated) created by me.,6,3,https://pdfhost.io/v/FC1p7ER.o_The_Newtonian_Prediction_Model,1741805997.0,the bitcoin newtonian prediction model updated created by me,bitcoin newtonian prediction model updated created me
bitcoin,Newbie Question About Anonymity,7,4,https://www.reddit.com/r/Bitcoin/comments/1j9opxh/newbie_question_about_anonymity/,1741798467.0,newbie question about anonymity,newbie question about anonymity
bitcoin,Bitcoin: The New Gunpowder ‚Äì Why Nation-States & Corporations Must Adapt or Be Left Behind!,10,1,https://youtu.be/kXryRMaZmyU?si=RKQqeahzjfKt4H08,1741790389.0,bitcoin the new gunpowder  why nationstates  corporations must adapt or be left behind,bitcoin new gunpowder why nationstates corporations must adapt left behind
bitcoin,WhAtS tHe uSeCaSe???,1,1,https://youtu.be/cagoyF3WePo?si=bUbl18ANjcLbq6j3,1741835232.0,whats the usecase,whats usecase
bitcoin,"Is it still early? (""Again"")",1,39,https://www.reddit.com/r/Bitcoin/comments/1j9xjzm/is_it_still_early_again/,1741820712.0,is it still early again,still early again
bitcoin,What is up with the In bitcoin we trust subreddit?,19,11,https://www.reddit.com/r/Bitcoin/comments/1j9hdnh/what_is_up_with_the_in_bitcoin_we_trust_subreddit/,1741776975.0,what is up with the in bitcoin we trust subreddit,what up bitcoin we trust subreddit
bitcoin,Missing transfer,0,5,https://www.reddit.com/r/Bitcoin/comments/1ja1z6i/missing_transfer/,1741833451.0,missing transfer,missing transfer
bitcoin,Is every macro signal good for bitcoin? Nik Bhatia and The Bitcoin Layer's newest report,3,1,https://unchained.com/tbl/21-million-vs-market-chaos,1741811769.0,is every macro signal good for bitcoin nik bhatia and the bitcoin layers newest report,every macro signal good bitcoin nik bhatia bitcoin layers newest report
bitcoin,how to calm your bro,78,6,https://v.redd.it/o3socwle26oe1,1741745135.0,how to calm your bro,how calm your bro
bitcoin,Investing,8,4,https://www.reddit.com/r/Bitcoin/comments/1j9k3nn/investing/,1741786202.0,investing,investing
bitcoin,Just bought some bitcoin,170,121,https://www.reddit.com/r/Bitcoin/comments/1j90sms/just_bought_some_bitcoin/,1741725052.0,just bought some bitcoin,just bought some bitcoin
bitcoin,"The dip so enticing,  it kept going...",353,19,https://i.redd.it/su4xa24313oe1.jpeg,1741708439.0,the dip so enticing  it kept going,dip so enticing kept going
bitcoin,Bitcoin and security?,4,21,https://www.reddit.com/r/Bitcoin/comments/1j9putv/bitcoin_and_security/,1741801201.0,bitcoin and security,bitcoin security
bitcoin,"Daily Discussion, March 12, 2025",24,92,https://www.reddit.com/r/Bitcoin/comments/1j9cyam/daily_discussion_march_12_2025/,1741759605.0,daily discussion march 12 2025,daily discussion march 12 2025
bitcoin,Don't panic sell,3660,260,https://i.redd.it/h8mc26xb4zne1.png,1741660995.0,dont panic sell,dont panic sell
bitcoin,How should the United States pursue a Bitcoin Strategy,237,32,https://v.redd.it/jm63rbt993oe1,1741711083.0,how should the united states pursue a bitcoin strategy,how should united states pursue bitcoin strategy
bitcoin,OTC buying and selling,4,7,https://www.reddit.com/r/Bitcoin/comments/1j9kz7f/otc_buying_and_selling/,1741788666.0,otc buying and selling,otc buying selling
bitcoin,The future is already set,841,37,https://i.redd.it/121n87hoy0oe1.jpeg,1741683307.0,the future is already set,future already set
bitcoin,"""What % of your savings are in bitcoin"" uhhhh",34,4,https://i.redd.it/6wxoj8em06oe1.jpeg,1741744494.0,what  of your savings are in bitcoin uhhhh,what your savings bitcoin uhhhh
bitcoin,Coldcard MK4 UX Flaw,0,30,https://www.reddit.com/r/Bitcoin/comments/1ja3uua/coldcard_mk4_ux_flaw/,1741839632.0,coldcard mk4 ux flaw,coldcard mk4 ux flaw
bitcoin,How to log all IP connections when running a node,0,3,https://www.reddit.com/r/Bitcoin/comments/1j9uanm/how_to_log_all_ip_connections_when_running_a_node/,1741812016.0,how to log all ip connections when running a node,how log all ip connections when running node
bitcoin,Never Forget: There is No Second Best!,45,2,https://v.redd.it/czrq9hdl85oe1,1741735068.0,never forget there is no second best,never forget second best
bitcoin,Nebraska ‚ÄòOpen for Business‚Äô to Crypto With New Bitcoin ATM Law,1,1,https://www.reddit.com/r/Bitcoin/comments/1j9t3e5/nebraska_open_for_business_to_crypto_with_new/,1741809039.0,nebraska open for business to crypto with new bitcoin atm law,nebraska open business crypto new bitcoin atm law
bitcoin,How many % of your savings do you hold in btc?,63,219,https://www.reddit.com/r/Bitcoin/comments/1j91sik/how_many_of_your_savings_do_you_hold_in_btc/,1741727521.0,how many  of your savings do you hold in btc,how many your savings do you hold btc
bitcoin,"Don‚Äôt trust, Verify",96,34,https://www.reddit.com/gallery/1j8yl6n,1741719645.0,dont trust verify,dont trust verify
bitcoin,Is this the most secure way to self custody ?,0,5,https://youtu.be/8037I6voa0E?si=oqSTQXoUZIPQEXJP,1741803874.0,is this the most secure way to self custody,most secure way self custody
bitcoin,how to buy bitcoin/crypto etransfer no id,0,4,https://www.reddit.com/r/Bitcoin/comments/1j9qxmy/how_to_buy_bitcoincrypto_etransfer_no_id/,1741803829.0,how to buy bitcoincrypto etransfer no id,how buy bitcoincrypto etransfer id
bitcoin,"Today, Congressman - Nick  Begich introduced the BITCOIN Act of 2025 in the U.S. House",59,10,https://youtu.be/WonLk6j1Pew?si=lvn5TJr_8v6iJ6kN,1741724123.0,today congressman  nick  begich introduced the bitcoin act of 2025 in the us house,today congressman nick begich introduced bitcoin act 2025 us house
ethereum,Weekly Discussion Thread [What are you building?],6,2,https://www.reddit.com/r/ethereum/comments/1j715j4/weekly_discussion_thread_what_are_you_building/,1741500090.0,weekly discussion thread what are you building,weekly discussion thread what you building
ethereum,"Daily General Discussion - March 13, 2025",112,153,https://www.reddit.com/r/ethereum/comments/1ja5dmp/daily_general_discussion_march_13_2025/,1741845677.0,daily general discussion  march 13 2025,daily general discussion march 13 2025
ethereum,We're thrilled to release Solidity v0.8.29!,20,1,/r/ethdev/comments/1j9pvk2/were_thrilled_to_release_solidity_v0829/,1741805992.0,were thrilled to release solidity v0829,were thrilled release solidity v0829
ethereum,Ethereum Pectra upgrade scope,88,11,https://www.reddit.com/r/ethereum/comments/1j9gc4o/ethereum_pectra_upgrade_scope/,1741772658.0,ethereum pectra upgrade scope,ethereum pectra upgrade scope
ethereum,"Daily General Discussion - March 12, 2025",163,505,https://www.reddit.com/r/ethereum/comments/1j9cuge/daily_general_discussion_march_12_2025/,1741759279.0,daily general discussion  march 12 2025,daily general discussion march 12 2025
ethereum,Ethereum Observer #10 - A Weekly R&D and Ecosystem News Roundup,6,0,https://www.reddit.com/r/ethereum/comments/1j9muui/ethereum_observer_10_a_weekly_rd_and_ecosystem/,1741793846.0,ethereum observer   a weekly rd and ecosystem news roundup,ethereum observer weekly rd ecosystem news roundup
ethereum,Bankrbot ends Grok's unintentional token creation spree by disabling interactions on X,0,1,https://www.theblock.co/post/346027/bankrbot-ends-groks-unintentional-token-creation-spree-by-disabling-interactions-on-x,1741850217.0,bankrbot ends groks unintentional token creation spree by disabling interactions on x,bankrbot ends groks unintentional token creation spree disabling interactions x
ethereum,scammed by moonpay?,0,15,https://www.reddit.com/r/ethereum/comments/1ja6lpe/scammed_by_moonpay/,1741851192.0,scammed by moonpay,scammed moonpay
ethereum,EIP-7623: Increase calldata cost - audio podcast is LIVE! üò∫ | üéô New #PEEPanEIP 140,3,0,https://www.reddit.com/r/ethereum/comments/1j9mmap/eip7623_increase_calldata_cost_audio_podcast_is/,1741793232.0,eip7623 increase calldata cost  audio podcast is live    new  140,eip7623 increase calldata cost audio podcast live new 140
ethereum,How do I check if a wallet is connect to scammers,0,4,https://www.reddit.com/r/ethereum/comments/1j9twgi/how_do_i_check_if_a_wallet_is_connect_to_scammers/,1741811031.0,how do i check if a wallet is connect to scammers,how do i check wallet connect scammers
ethereum,"Yesterday in Ethereum, Tuesday, March 11, 2025",30,5,https://www.reddit.com/r/ethereum/comments/1j9065l/yesterday_in_ethereum_tuesday_march_11_2025/,1741723500.0,yesterday in ethereum tuesday march 11 2025,yesterday ethereum tuesday march 11 2025
ethereum,Web 3 Hackathon as a beginner,6,2,https://www.reddit.com/r/ethereum/comments/1j9bwiu/web_3_hackathon_as_a_beginner/,1741756463.0,web 3 hackathon as a beginner,web 3 hackathon beginner
ethereum,Why is it so expensive to send money from exchange to cold storage for ethereum?!! 20% am I an idiot or do people pay this?,0,24,https://www.reddit.com/r/ethereum/comments/1ja0uin/why_is_it_so_expensive_to_send_money_from/,1741830000.0,why is it so expensive to send money from exchange to cold storage for ethereum 20 am i an idiot or do people pay this,why so expensive send money from exchange cold storage ethereum 20 am i idiot do people pay
ethereum,Obol raises $4.2M for Continued Development of Ethereum Distributed Validators,18,4,https://x.com/Obol_Collective/status/1899489139323773195,1741717399.0,obol raises 42m for continued development of ethereum distributed validators,obol raises 42m continued development ethereum distributed validators
ethereum,"Daily General Discussion - March 11, 2025",163,485,https://www.reddit.com/r/ethereum/comments/1j8k469/daily_general_discussion_march_11_2025/,1741672872.0,daily general discussion  march 11 2025,daily general discussion march 11 2025
ethereum,How Holesky Finally Reached Stability,27,2,https://etherworld.co/2025/03/11/how-holesky-finally-reached-stability/,1741684647.0,how holesky finally reached stability,how holesky finally reached stability
ethereum,Introducing Shutter API: Threshold Encryption Service for Dapps,5,1,https://www.reddit.com/r/ethereum/comments/1j8r46m/introducing_shutter_api_threshold_encryption/,1741700773.0,introducing shutter api threshold encryption service for dapps,introducing shutter api threshold encryption service dapps
ethereum,Hole≈°ky testnet finalized,50,3,https://x.com/ethpandaops/status/1899184122825765187,1741644728.0,holeky testnet finalized,holeky testnet finalized
ethereum,üéô Ethereum‚Äôs Fast Confirmation Rule audio podcast is LIVE! | PEEPanEIP 139‚ö°,1,0,https://www.reddit.com/r/ethereum/comments/1j8t4zu/ethereums_fast_confirmation_rule_audio_podcast_is/,1741706207.0,ethereums fast confirmation rule audio podcast is live  peepaneip 139,ethereums fast confirmation rule audio podcast live peepaneip 139
ethereum,"Daily General Discussion - March 10, 2025",179,950,https://www.reddit.com/r/ethereum/comments/1j7s0e4/daily_general_discussion_march_10_2025/,1741586492.0,daily general discussion  march 10 2025,daily general discussion march 10 2025
ethereum,Some Ethereum-related content I've found interesting last week,16,4,https://www.reddit.com/r/ethereum/comments/1j826us/some_ethereumrelated_content_ive_found/,1741622841.0,some ethereumrelated content ive found interesting last week,some ethereumrelated content ive found interesting last week
ethereum,"Yesterday in Ethereum, Monday, March 10, 2025",24,1,https://www.reddit.com/r/ethereum/comments/1j7yc5b/yesterday_in_ethereum_monday_march_10_2025/,1741612533.0,yesterday in ethereum monday march 10 2025,yesterday ethereum monday march 10 2025
ethereum,Where is polynya and the l2 world,0,12,https://www.reddit.com/r/ethereum/comments/1j8s57r/where_is_polynya_and_the_l2_world/,1741703609.0,where is polynya and the l2 world,where polynya l2 world
ethereum,"Client Testing Call #28, March 10th 2025",3,0,https://ethereum-magicians.org/t/client-testing-call-28-march-10th-2025/23107,1741635998.0,client testing call  march 10th 2025,client testing call march 10th 2025
ethereum,Spanish lender BBVA to offer bitcoin and ether trading ü•≥,37,2,https://www.investing.com/news/stock-market-news/spanish-lender-bbva-to-offer-bitcoin-and-ether-trading-3916672,1741585533.0,spanish lender bbva to offer bitcoin and ether trading,spanish lender bbva offer bitcoin ether trading
ethereum,"Do all the affordable, air-gapped wallets suck?",14,40,https://www.reddit.com/r/ethereum/comments/1j7rncv/do_all_the_affordable_airgapped_wallets_suck/,1741584988.0,do all the affordable airgapped wallets suck,do all affordable airgapped wallets suck
ethereum,New PEEPanEIP 138 audio podcast is LIVE!,1,0,https://www.reddit.com/r/ethereum/comments/1j86uba/new_peepaneip_138_audio_podcast_is_live/,1741634235.0,new peepaneip 138 audio podcast is live,new peepaneip 138 audio podcast live
ethereum,"Ethereum Staking Going Down? | Data on Staked ETH Share, Validators, Trends, Top Staking Pools | Mar 2025",1,2,https://peakd.com/eth/@dalz/ethereum-staking-going-down-or-data-on-staked-eth-share-validators-trends-top-staking-pools-or-mar-2025,1741624875.0,ethereum staking going down  data on staked eth share validators trends top staking pools  mar 2025,ethereum staking going down data staked eth share validators trends top staking pools mar 2025
ethereum,EtherWorld Weekly ‚Äî Edition 310,5,1,https://etherworld.co/2025/03/07/etherworld-weekly-edition-310/,1741595727.0,etherworld weekly  edition 310,etherworld weekly edition 310
ethereum,Marius: Sepolia Pectra fork incident recap,24,1,https://mariusvanderwijden.github.io/blog/2025/03/08/Sepolia/,1741550190.0,marius sepolia pectra fork incident recap,marius sepolia pectra fork incident recap
ethereum,Problem on network fees for deployng even a small contract,0,2,https://www.reddit.com/r/ethereum/comments/1j7wjcv/problem_on_network_fees_for_deployng_even_a_small/,1741606502.0,problem on network fees for deployng even a small contract,problem network fees deployng even small contract
ethereum,"Daily General Discussion - March 09, 2025",170,323,https://www.reddit.com/r/ethereum/comments/1j721hx/daily_general_discussion_march_09_2025/,1741503661.0,daily general discussion  march 09 2025,daily general discussion march 09 2025
ethereum,"Yesterday in Ethereum, Saturday, March 8, 2025",41,5,https://www.reddit.com/r/ethereum/comments/1j6or9z/yesterday_in_ethereum_saturday_march_8_2025/,1741461911.0,yesterday in ethereum saturday march 8 2025,yesterday ethereum saturday march 8 2025
ethereum,Meet the 10 Women Who Are Shaping the Future of Ethereum,45,70,https://etherworld.co/2025/03/08/meet-the-10-women-who-are-shaping-the-future-of-ethereum/,1741454755.0,meet the 10 women who are shaping the future of ethereum,meet 10 women who shaping future ethereum
ethereum,Ethereum‚Äôs Pectra Upgrade Successfully Activates on Sepolia Testnet,55,3,https://ecency.com/hive-167922/@mikezillo/ethereum-s-pectra-upgrade-successfully,1741444761.0,ethereums pectra upgrade successfully activates on sepolia testnet,ethereums pectra upgrade successfully activates sepolia testnet
ethereum,"Daily General Discussion - March 08, 2025",158,213,https://www.reddit.com/r/ethereum/comments/1j6blzq/daily_general_discussion_march_08_2025/,1741417306.0,daily general discussion  march 08 2025,daily general discussion march 08 2025
ethereum,Consensus-layer Call 152 - Protocol Call,7,0,https://ethereum-magicians.org/t/consensus-layer-call-152/22959,1741469022.0,consensuslayer call 152  protocol call,consensuslayer call 152 protocol call
ethereum,"Ethereum Staking Going Down? | Data on Staked ETH Share, Validators, Trends, Top Staking Pools",0,9,https://ecency.com/eth/@dalz/ethereum-staking-going-down-or-data-on-staked-eth-share-validators-trends-top-staking-pools-or-mar-2025,1741530923.0,ethereum staking going down  data on staked eth share validators trends top staking pools,ethereum staking going down data staked eth share validators trends top staking pools
ethereum,"Daily General Discussion - March 07, 2025",171,456,https://www.reddit.com/r/ethereum/comments/1j5hofm/daily_general_discussion_march_07_2025/,1741330883.0,daily general discussion  march 07 2025,daily general discussion march 07 2025
ethereum,What type of scam did I just fell for? Help pls,0,23,https://www.reddit.com/r/ethereum/comments/1j6bwqa/what_type_of_scam_did_i_just_fell_for_help_pls/,1741418539.0,what type of scam did i just fell for help pls,what type scam did i just fell help pls
ethereum,when to transfer eth to cold wallet?,12,16,https://www.reddit.com/r/ethereum/comments/1j5ppk5/when_to_transfer_eth_to_cold_wallet/,1741358742.0,when to transfer eth to cold wallet,when transfer eth cold wallet
ethereum,"Yesterday in Ethereum - Thursday, March 6, 2025, v2",9,4,https://www.reddit.com/r/ethereum/comments/1j5n6hq/yesterday_in_ethereum_thursday_march_6_2025_v2/,1741352825.0,yesterday in ethereum  thursday march 6 2025 v2,yesterday ethereum thursday march 6 2025 v2
ethereum,"If Ethereum had remained PoW, would it have helped sustainable energy adoption?",0,21,https://www.reddit.com/r/ethereum/comments/1j6ieef/if_ethereum_had_remained_pow_would_it_have_helped/,1741444423.0,if ethereum had remained pow would it have helped sustainable energy adoption,ethereum had remained pow would have helped sustainable energy adoption
ethereum,Highlights of Ethereum's All Core Devs Meeting (ACDC) #152,10,0,https://etherworld.co/2025/03/07/highlights-of-ethereums-all-core-devs-meeting-acdc-152/,1741317729.0,highlights of ethereums all core devs meeting acdc,highlights ethereums all core devs meeting acdc
ethereum,How secure is posting your Coinbase ETH QR for receiving SHIB?,8,12,https://www.reddit.com/r/ethereum/comments/1j5f6bl/how_secure_is_posting_your_coinbase_eth_qr_for/,1741321387.0,how secure is posting your coinbase eth qr for receiving shib,how secure posting your coinbase eth qr receiving shib
ethereum,Celebrating International Women‚Äôs Day with Ethereum,0,1,https://etherworld.co/2025/03/07/celebrating-international-womens-day-with-ethereum/,1741354430.0,celebrating international womens day with ethereum,celebrating international womens day ethereum
ethereum,Protocol that hide sender,21,10,https://www.reddit.com/r/ethereum/comments/1j543a7/protocol_that_hide_sender/,1741290074.0,protocol that hide sender,protocol hide sender
ethereum,Building castles without kings,35,10,https://x.com/MacBudkowski/status/1897678191520633029,1741277594.0,building castles without kings,building castles without kings
ethereum,"Daily General Discussion - March 06, 2025",161,330,https://www.reddit.com/r/ethereum/comments/1j4prxx/daily_general_discussion_march_06_2025/,1741244484.0,daily general discussion  march 06 2025,daily general discussion march 06 2025
ethereum,Any old smart contracts expected to break due to 7702?,10,3,https://www.reddit.com/r/ethereum/comments/1j52d8w/any_old_smart_contracts_expected_to_break_due_to/,1741285804.0,any old smart contracts expected to break due to 7702,any old smart contracts expected break due 7702
ethereum,Will Vitalik wear a suit to the White House?,117,86,https://www.reddit.com/r/ethereum/comments/1j4oisz/will_vitalik_wear_a_suit_to_the_white_house/,1741239467.0,will vitalik wear a suit to the white house,vitalik wear suit white house
ethereum,crypto is beautiful,1,14,https://www.reddit.com/r/ethereum/comments/1j5755w/crypto_is_beautiful/,1741297768.0,crypto is beautiful,crypto beautiful
ethereum,How Elixir‚Äôs Integration with Ethereum Unlocks DeFi Liquidity,4,2,https://www.reddit.com/r/ethereum/comments/1j4x19y/how_elixirs_integration_with_ethereum_unlocks/,1741272321.0,how elixirs integration with ethereum unlocks defi liquidity,how elixirs integration ethereum unlocks defi liquidity
ethereum,"Yesterday in Ethereum - Wednesday, March 5, 2025",80,8,https://www.reddit.com/r/ethereum/comments/1j4bf2b/yesterday_in_ethereum_wednesday_march_5_2025/,1741202580.0,yesterday in ethereum  wednesday march 5 2025,yesterday ethereum wednesday march 5 2025
ethereum,Safe Watcher bot by 0xmikko,4,1,https://github.com/Gearbox-protocol/safe-watcher,1741250993.0,safe watcher bot by 0xmikko,safe watcher bot 0xmikko
ethereum,"Daily General Discussion - March 05, 2025",164,482,https://www.reddit.com/r/ethereum/comments/1j3xddk/daily_general_discussion_march_05_2025/,1741158094.0,daily general discussion  march 05 2025,daily general discussion march 05 2025
ethereum,Devconnect 2025 - An ‚ÄúEthereum World‚Äôs Fair‚Äù in Buenos Aires | Ethereum Foundation Blog,24,1,https://blog.ethereum.org/2025/03/05/devconnect-2025,1741183489.0,devconnect 2025  an ethereum worlds fair in buenos aires  ethereum foundation blog,devconnect 2025 ethereum worlds fair buenos aires ethereum foundation blog
ethereum,Ethereum Observer #9 - A Weekly R&D and Ecosystem News Roundup,10,1,https://www.reddit.com/r/ethereum/comments/1j47hnw/ethereum_observer_9_a_weekly_rd_and_ecosystem/,1741193212.0,ethereum observer   a weekly rd and ecosystem news roundup,ethereum observer weekly rd ecosystem news roundup
ethereum,Pectra Upgrade is Live on Sepolia,49,4,https://etherworld.co/2025/03/05/pectra-upgrade-is-live-on-sepolia/,1741164271.0,pectra upgrade is live on sepolia,pectra upgrade live sepolia
ethereum,Sepolia Pectra Incident Update | Ethereum Foundation Blog,14,3,https://blog.ethereum.org/2025/03/05/sepolia-pectra-incident,1741185631.0,sepolia pectra incident update  ethereum foundation blog,sepolia pectra incident update ethereum foundation blog
ethereum,Sepolia testnet finalized after upgrading to Pectra,49,1,https://i.redd.it/cq6sfcmbutme1.jpeg,1741161247.0,sepolia testnet finalized after upgrading to pectra,sepolia testnet finalized after upgrading pectra
ethereum,Devconnect 2025: Help bringing Argentina onchain,12,1,https://forum.devcon.org/t/devconnect-2025-help-bringing-argentina-onchain/5471,1741180521.0,devconnect 2025 help bringing argentina onchain,devconnect 2025 help bringing argentina onchain
ethereum,Web2 & Web3 Developers: Help Shape the Future of Decentralized Community Platforms! üöÄ,6,2,https://www.reddit.com/r/ethereum/comments/1j43az4/web2_web3_developers_help_shape_the_future_of/,1741182050.0,web2  web3 developers help shape the future of decentralized community platforms,web2 web3 developers help shape future decentralized community platforms
ethereum,Ethereum‚Äôs Pectra Fork Faces Challenges on Sepolia Testnet,3,2,https://etherworld.co/2025/03/05/ethereums-pectra-fork-faces-challenges-on-sepolia-testnet/,1741185818.0,ethereums pectra fork faces challenges on sepolia testnet,ethereums pectra fork faces challenges sepolia testnet
ethereum,Not all hardware wallets are created equal.  Bybit should have been using a Lattice1,23,25,https://x.com/gridplus/status/1897117194577965469?s=46,1741146658.0,not all hardware wallets are created equal  bybit should have been using a lattice1,all hardware wallets created equal bybit should have been using lattice1
ethereum,"Stealth KeyCard ""Garden Center"" available",3,0,https://xcancel.com/Keycard_/status/1897172018799501590,1741163376.0,stealth keycard garden center available,stealth keycard garden center available
ethereum,About $500 of Crypto Was Drained From My Ethereum Address!,5,3,https://i.redd.it/2bvsr6lcjsme1.jpeg,1741145448.0,about 500 of crypto was drained from my ethereum address,about 500 crypto drained from my ethereum address
ethereum,"Daily General Discussion - March 04, 2025",178,399,https://www.reddit.com/r/ethereum/comments/1j3537a/daily_general_discussion_march_04_2025/,1741071688.0,daily general discussion  march 04 2025,daily general discussion march 04 2025
ethereum,Is Sandwich attacks a thing on Rollups like arbitrum?,13,6,https://www.reddit.com/r/ethereum/comments/1j3kq1a/is_sandwich_attacks_a_thing_on_rollups_like/,1741120242.0,is sandwich attacks a thing on rollups like arbitrum,sandwich attacks thing rollups like arbitrum
ethereum,Kakarot Labs Joins Ethereum's BEAM Intiative,17,0,https://etherworld.co/2025/03/04/kakarot-labs-joins-ethereums-beam-initiative/,1741099174.0,kakarot labs joins ethereums beam intiative,kakarot labs joins ethereums beam intiative
ethereum,Purr-suit of Ethereum üêæ # 7,6,0,https://www.reddit.com/r/ethereum/comments/1j3ckva/purrsuit_of_ethereum_7/,1741100165.0,purrsuit of ethereum   7,purrsuit ethereum 7
ethereum,How do you guys feel about using ETH as currency?,36,71,https://www.reddit.com/r/ethereum/comments/1j33341/how_do_you_guys_feel_about_using_eth_as_currency/,1741063901.0,how do you guys feel about using eth as currency,how do you guys feel about using eth currency
ethereum,Staking rewards question,5,13,https://www.reddit.com/r/ethereum/comments/1j3bocw/staking_rewards_question/,1741097615.0,staking rewards question,staking rewards question
ethereum,"Pectra upgrade in March 2025 will enable users to pay gas fees with ERC-20, but how?",15,8,https://www.reddit.com/r/ethereum/comments/1j33kwf/pectra_upgrade_in_march_2025_will_enable_users_to/,1741065639.0,pectra upgrade in march 2025 will enable users to pay gas fees with erc20 but how,pectra upgrade march 2025 enable users pay gas fees erc20 how
ethereum,The Hidden Challenges of Ethereum Gas Fees (And How Devs Are Solving It),6,0,https://etherworld.co/2025/03/04/the-hidden-challenges-of-ethereum-gas-fees-and-how-devs-are-solving-it/,1741075026.0,the hidden challenges of ethereum gas fees and how devs are solving it,hidden challenges ethereum gas fees how devs solving
ethereum,Wallet address identifier,8,9,https://www.reddit.com/r/ethereum/comments/1j2yn3t/wallet_address_identifier/,1741049950.0,wallet address identifier,wallet address identifier
ethereum,"Daily General Discussion - March 03, 2025",192,825,https://www.reddit.com/r/ethereum/comments/1j2cxi7/daily_general_discussion_march_03_2025/,1740985304.0,daily general discussion  march 03 2025,daily general discussion march 03 2025
ethereum,"Eth protocol call: Client testing call #27, March 3rd 2025",6,0,https://ethereum-magicians.org/t/client-testing-call-27-march-3rd-2025/23050,1741060212.0,eth protocol call client testing call  march 3rd 2025,eth protocol call client testing call march 3rd 2025
ethereum,Pectra devnet-7 for staking pools/tooling to test on,3,0,https://x.com/parithosh_j/status/1896690440327618696,1741068014.0,pectra devnet7 for staking poolstooling to test on,pectra devnet7 staking poolstooling test
ethereum,Ethereum Developers Are Improving the Withdrawal Process,79,16,https://etherworld.co/2025/03/03/ethereum-developers-are-improving-the-withdrawal-process/,1740993307.0,ethereum developers are improving the withdrawal process,ethereum developers improving withdrawal process
ethereum,Smart contract,0,10,https://www.reddit.com/r/ethereum/comments/1j34dl4/smart_contract/,1741068735.0,smart contract,smart contract
ethereum,Sealed transactions,20,1,https://ethresear.ch/t/sealed-transactions/21859,1741003493.0,sealed transactions,sealed transactions
ethereum,ETH included in US Crypto Reserve,507,135,https://www.reddit.com/r/ethereum/comments/1j1vcf7/eth_included_in_us_crypto_reserve/,1740934447.0,eth included in us crypto reserve,eth included us crypto reserve
ethereum,ETH value accrual thesis via blob space,19,4,https://www.reddit.com/r/ethereum/comments/1j2f9rq/eth_value_accrual_thesis_via_blob_space/,1740995766.0,eth value accrual thesis via blob space,eth value accrual thesis via blob space
ethereum,Aftermath of Holesky Testnet Incident: Lessons Learned,8,2,https://etherworld.co/2025/03/03/aftermath-of-holesky-testnet-incident-lessons-learned/,1741012790.0,aftermath of holesky testnet incident lessons learned,aftermath holesky testnet incident lessons learned
ethereum,Sad and funny. You have to check this!,12,5,https://www.reddit.com/r/ethereum/comments/1j2dxm5/sad_and_funny_you_have_to_check_this/,1740989696.0,sad and funny you have to check this,sad funny you have check
ethereum,Introducing ZKnox | @ethereumfndn,3,0,https://xcancel.com/ethereumfndn/status/1896592240228893072,1741017970.0,introducing zknox,introducing zknox
ethereum,"Introducing Gas Network - Bringing web3 gas markets onchain
by Blocknative",1,1,https://paragraph.xyz/@gas/introducing-gas-network,1741036783.0,"introducing gas network  bringing web3 gas markets onchain
by blocknative",introducing gas network bringing web3 gas markets onchain blocknative
ethereum,"PEEPanEIP#143: EIP-7691 Blob throughput increase with Parithosh, Toni and Sam",3,0,https://www.reddit.com/r/ethereum/comments/1j2h3tr/peepaneip143_eip7691_blob_throughput_increase/,1741003281.0,peepaneip eip7691 blob throughput increase with parithosh toni and sam,peepaneip eip7691 blob throughput increase parithosh toni sam
ethereum,Exploiting eth_call for optimization purposes,1,1,https://coinfabrikdev.wpenginepowered.com/blog/exploiting-eth_call-for-optimization-purposes/,1741013306.0,exploiting ethcall for optimization purposes,exploiting ethcall optimization purposes
ethereum,EtherWorld Weekly ‚Äî Edition 309,5,0,https://etherworld.co/2025/02/28/etherworld-weekly-edition-309/,1740981100.0,etherworld weekly  edition 309,etherworld weekly edition 309
ethereum,"Daily General Discussion - March 02, 2025",181,616,https://www.reddit.com/r/ethereum/comments/1j1l1st/daily_general_discussion_march_02_2025/,1740898887.0,daily general discussion  march 02 2025,daily general discussion march 02 2025
ethereum,Danny Ryan joining Etherealize as co-founder,66,2,https://xcancel.com/dannyryan/status/1895851747865944114,1740910695.0,danny ryan joining etherealize as cofounder,danny ryan joining etherealize cofounder
ethereum,"How are phishing contracts be able to initiate ""OUT"" transfers of fake tokens from my wallet",5,3,https://www.reddit.com/r/ethereum/comments/1j256dx/how_are_phishing_contracts_be_able_to_initiate/,1740959406.0,how are phishing contracts be able to initiate out transfers of fake tokens from my wallet,how phishing contracts able initiate out transfers fake tokens from my wallet
ethereum,Rocketpool/Revolut Staking,3,4,https://www.reddit.com/r/ethereum/comments/1j1z7rg/rocketpoolrevolut_staking/,1740943946.0,rocketpoolrevolut staking,rocketpoolrevolut staking
ethereum,Boost Your dApp Development: Leveraging Cartesi‚Äôs Linux Coprocessor,2,1,https://www.reddit.com/r/ethereum/comments/1j1u89y/boost_your_dapp_development_leveraging_cartesis/,1740931637.0,boost your dapp development leveraging cartesis linux coprocessor,boost your dapp development leveraging cartesis linux coprocessor
ethereum,Welcoming a new EF leadership structure | Ethereum Foundation Blog,86,12,https://blog.ethereum.org/2025/03/01/leadership-announcement,1740841347.0,welcoming a new ef leadership structure  ethereum foundation blog,welcoming new ef leadership structure ethereum foundation blog
