source,author,title,description,url,published_at,cleaned_text,processed_text
Decrypt,Luke Edwards,Lazarus Infects New Batch of JavaScript Packages With Crypto Stealing Malware: Researchers,"""The tactics, techniques, and procedures (TTPs) observed in this npm attack closely align with Lazarus’s known operations,"" a cybersecurity research said.",https://decrypt.co/309669/lazarus-javascript-crypto-stealing-malware,2025-03-12T15:34:58Z,the tactics techniques and procedures ttps observed in this npm attack closely align with lazaruss known operations a cybersecurity research said,tactics techniques procedures ttps observed npm attack closely align lazaruss known operations cybersecurity research said
newsBTC,Christian Encila,XRP Crashing? Analyst Sounds Alarm On Looming Price Threat,"An analyst is expressing apprehension regarding the price movement of XRP, cautioning that the cryptocurrency may be on the brink of a significant decline. A bearish price pattern is forming on the charts, which, if confirmed, could result in a significant se…",http://www.newsbtc.com/altcoin/xrp-crashing-analyst-sounds-alarm-on-looming-price-threat/,2025-03-12T15:30:41Z,an analyst is expressing apprehension regarding the price movement of xrp cautioning that the cryptocurrency may be on the brink of a significant decline a bearish price pattern is forming on the charts which if confirmed could result in a significant se,analyst expressing apprehension regarding price movement xrp cautioning cryptocurrency may brink significant decline bearish price pattern forming charts which confirmed could result significant se
Biztoc.com,finance.yahoo.com,Russian central bank proposes wealthy individuals be allowed to invest in crypto,"Russia's central bank has proposed regulating certain cryptocurrency investments for wealthy individuals, it said on Wednesday, outlining plans for ""specially qualified"" investors to trade crypto assets.
The bank has gradually softened its strong opposition t…",https://biztoc.com/x/92fdc8edbc5b3d1d,2025-03-12T15:17:43Z,"russias central bank has proposed regulating certain cryptocurrency investments for wealthy individuals it said on wednesday outlining plans for specially qualified investors to trade crypto assets
the bank has gradually softened its strong opposition t",russias central bank has proposed regulating certain cryptocurrency investments wealthy individuals said wednesday outlining plans specially qualified investors trade crypto assets bank has gradually softened its strong opposition t
GlobeNewswire,Qwadrox,QwadroX (QWRX) Announces 1 Billion Token Giveaway to Support Crypto and Philanthropy,"LOS ANGELES, March 12, 2025 (GLOBE NEWSWIRE) -- QwadroX (QWRX), one of the most promising cryptocurrencies of 2025, is set to distribute 1 billion tokens on March 31, 2025. According to predictions by ChatGPT and DeepSeek, QWRX has immense growth potential. W…",https://www.globenewswire.com/news-release/2025/03/12/3041581/0/en/QwadroX-QWRX-Announces-1-Billion-Token-Giveaway-to-Support-Crypto-and-Philanthropy.html,2025-03-12T15:17:00Z,los angeles march 12 2025 globe newswire  qwadrox qwrx one of the most promising cryptocurrencies of 2025 is set to distribute 1 billion tokens on march 31 2025 according to predictions by chatgpt and deepseek qwrx has immense growth potential w,los angeles march 12 2025 globe newswire qwadrox qwrx one most promising cryptocurrencies 2025 set distribute 1 billion tokens march 31 2025 according predictions chatgpt deepseek qwrx has immense growth potential w
CoinDesk,Matt Gerics,Why There's More to BNB Than Meets the Eye,"Many investors dismiss BNB as simply ""the Binance coin,"" but that designation fails to recognize the potential arising from its broader value unlock, says Osprey Funds’ Matt Gerics.",https://www.coindesk.com/coindesk-indices/2025/03/12/why-there-s-more-to-bnb-than-meets-the-eye,2025-03-12T15:14:08Z,many investors dismiss bnb as simply the binance coin but that designation fails to recognize the potential arising from its broader value unlock says osprey funds matt gerics,many investors dismiss bnb simply binance coin designation fails recognize potential arising from its broader value unlock says osprey funds matt gerics
CNA,,Binance says Abu Dhabi's MGX invests $2 billion into crypto exchange,Cryptocurrency exchange Binance said on Wednesday Abu Dhabi investment group MGX had invested $2 billion worth of cryptocurrency into the company. Binance said in a statement posted on its website that it was the first time it had taken institutional investme…,https://www.channelnewsasia.com/business/binance-says-abu-dhabis-mgx-invests-2-billion-crypto-exchange-4996236,2025-03-12T15:08:51Z,cryptocurrency exchange binance said on wednesday abu dhabi investment group mgx had invested 2 billion worth of cryptocurrency into the company binance said in a statement posted on its website that it was the first time it had taken institutional investme,cryptocurrency exchange binance said wednesday abu dhabi investment group mgx had invested 2 billion worth cryptocurrency company binance said statement posted its website first time had taken institutional investme
Yahoo Entertainment,Reuters,Crypto exchange Binance gets $2 billion investment from Abu Dhabi's MGX,"DUBAI (Reuters) -Abu Dhabi investment group MGX has invested $2 billion worth of cryptocurrency into Binance, in what the world's largest cryptocurrency...",https://finance.yahoo.com/news/binance-says-abu-dhabis-mgx-150851375.html,2025-03-12T15:08:51Z,dubai reuters abu dhabi investment group mgx has invested 2 billion worth of cryptocurrency into binance in what the worlds largest cryptocurrency,dubai reuters abu dhabi investment group mgx has invested 2 billion worth cryptocurrency binance what worlds largest cryptocurrency
Yahoo Entertainment,Reuters,Russian central bank proposes wealthy individuals be allowed to invest in crypto,"Russia's central bank has proposed regulating certain cryptocurrency investments for wealthy individuals, it said on Wednesday, outlining plans for...",https://finance.yahoo.com/news/russian-central-bank-proposes-wealthy-150612589.html,2025-03-12T15:06:12Z,russias central bank has proposed regulating certain cryptocurrency investments for wealthy individuals it said on wednesday outlining plans for,russias central bank has proposed regulating certain cryptocurrency investments wealthy individuals said wednesday outlining plans
Biztoc.com,benzinga.com,XRP Spikes 3%: Why Is It Going Up?,"XRP (CRYPTO: XRP) is up on Wedneday amid growing institutional interest.
What Happened: Cryptocurrency options exchange Deribit noted the positive impact of ETF filings on the price of XRP, despite the looming threat of tariffs.
Cryptocurrency
Price 
24-Hour …",https://biztoc.com/x/4412c5729ee0eed1,2025-03-12T15:05:57Z,"xrp crypto xrp is up on wedneday amid growing institutional interest
what happened cryptocurrency options exchange deribit noted the positive impact of etf filings on the price of xrp despite the looming threat of tariffs
cryptocurrency
price 
24hour",xrp crypto xrp up wedneday amid growing institutional interest what happened cryptocurrency options exchange deribit noted positive impact etf filings price xrp despite looming threat tariffs cryptocurrency price 24hour
Bitcoinist,Christian Encila,Bitcoin Whales Selling Less? Analyst Sees Signs Of A Rebound,"A shift in Bitcoin whale activity is occurring on Binance, which may cause the market to go in a different route. There is uncertainty as a result of some major Bitcoin holders decreasing their holdings while others are buying. This change in whale behavior m…",https://bitcoinist.com/bitcoin-whales-selling-less-analyst-sees-signs-of-a-rebound/,2025-03-12T15:00:18Z,a shift in bitcoin whale activity is occurring on binance which may cause the market to go in a different route there is uncertainty as a result of some major bitcoin holders decreasing their holdings while others are buying this change in whale behavior m,shift bitcoin whale activity occurring binance which may cause market go different route uncertainty result some major bitcoin holders decreasing holdings while others buying change whale behavior m
GlobeNewswire,"ReversingLabs US, Inc.","ReversingLabs Annual Software Supply Chain Security Report Spotlights Mounting Attacks on AI, Crypto, Open Source, and Commercial Software","ReversingLabs has released its 3rd annual Software Supply Chain Security Report, which details the growing sophistication of software supply chain attacks.",https://www.globenewswire.com/news-release/2025/03/12/3041573/0/en/ReversingLabs-Annual-Software-Supply-Chain-Security-Report-Spotlights-Mounting-Attacks-on-AI-Crypto-Open-Source-and-Commercial-Software.html,2025-03-12T15:00:00Z,reversinglabs has released its 3rd annual software supply chain security report which details the growing sophistication of software supply chain attacks,reversinglabs has released its 3rd annual software supply chain security report which details growing sophistication software supply chain attacks
TechRadar,Sead Fadilpašić,Hackers are abusing $TRUMP tokens to lure victims in to new phishing scam,"A new campaign promises $TRUMP tokens to those that download Binance, fast.",https://www.techradar.com/pro/security/hackers-are-abusing-usdtrump-tokens-to-lure-victims-in-to-new-phishing-scam,2025-03-12T15:00:00Z,a new campaign promises trump tokens to those that download binance fast,new campaign promises trump tokens those download binance fast
Decrypt,Decrypt Staff,Binance Secures $2 Billion Investment From Abu Dhabi Firm—Paid in Stablecoins,"Binance announced Wednesday that Abu Dhabi-based AI and tech investor MGX has put $2 billion into the company, paid in stablecoins.",https://decrypt.co/309666/binance-2b-investment-abu-dhabi-firm,2025-03-12T14:56:44Z,binance announced wednesday that abu dhabibased ai and tech investor mgx has put 2 billion into the company paid in stablecoins,binance announced wednesday abu dhabibased ai tech investor mgx has put 2 billion company paid stablecoins
Forbes,"Thomas Brewster, Forbes Staff, 
 Thomas Brewster, Forbes Staff
 https://www.forbes.com/sites/thomasbrewster/",The Wiretap: A $60 Million Bitcoin Seizure Shows Cops Are Still Chasing Down Silk Road Dealers,Silk Road drug dealers have been sitting on millions in crypto for years.,https://www.forbes.com/sites/thomasbrewster/2025/03/12/the-wiretap-a-60-million-bitcoin-seizure-shows-cops-are-still-chasing-down-silk-road-dealers/,2025-03-12T14:48:15Z,silk road drug dealers have been sitting on millions in crypto for years,silk road drug dealers have been sitting millions crypto years
Forbes,"Clem Chambers, Senior Contributor, 
 Clem Chambers, Senior Contributor
 https://www.forbes.com/sites/investor/people/clem/","Bitcoin Crash 2025, The Crypto Cycle Repeats: A Road Map","This is the third crypto cycle I’ve written about here on Forbes. So far, as you can verify, I’ve consistently been a bull at the bottom and a bear near the top.",https://www.forbes.com/sites/digital-assets/2025/03/12/bitcoin-crash-2025-the-crypto-cycle-repeats-a-road-map/,2025-03-12T14:39:56Z,this is the third crypto cycle ive written about here on forbes so far as you can verify ive consistently been a bull at the bottom and a bear near the top,third crypto cycle ive written about here forbes so far you can verify ive consistently been bull bottom bear near top
ZyCrypto,Brenda Ngari,XRP Poised For Meteoric Moonshot As This Fund Giant Files SEC Paperwork To Launch Spot XRP ETF,"Franklin Templeton, a financial services company with $1.6 trillion of assets under management, has officially filed a registration statement with the U.S. Securities and Exchange Commission for a spot XRP exchange-traded fund (ETF). Franklin Templeton has be…",https://zycrypto.com/xrp-poised-for-meteoric-moonshot-as-this-fund-giant-files-sec-paperwork-to-launch-spot-xrp-etf/,2025-03-12T14:34:06Z,franklin templeton a financial services company with 16 trillion of assets under management has officially filed a registration statement with the us securities and exchange commission for a spot xrp exchangetraded fund etf franklin templeton has be,franklin templeton financial services company 16 trillion assets under management has officially filed registration statement us securities exchange commission spot xrp exchangetraded fund etf franklin templeton has
ZyCrypto,Troy Watson,"European Union Pushes Own Digital Currency, Fears American Dominance and Dollar-Backed Stablecoin",Pierre Gramegna stated on March 10 that Trump's recent endorsement of cryptos could present financial difficulties for the European Union.,https://zycrypto.com/european-union-pushes-own-digital-currency-fears-american-dominance-and-dollar-backed-stablecoin/,2025-03-12T14:27:12Z,pierre gramegna stated on march 10 that trumps recent endorsement of cryptos could present financial difficulties for the european union,pierre gramegna stated march 10 trumps recent endorsement cryptos could present financial difficulties european union
Bitcoinist,Bitcoinist,"Senator Lummis’s Bitcoin Act Allows for a Reserve of 1M+ Bitcoin, Fueling Projects Like BTC Bull Token","Senator Lummis’s Bitcoin Act extends the Federal Reserve’s Bitcoin capacity to over 1M bitcoins. We mull over how this might affect the price of Bitcoin, and related coins like BTC Bull Token. The act touches upon several critical points, such as the establis…",https://bitcoinist.com/lummis-bitcoin-act-may-turn-btc-bull-token-bullish/,2025-03-12T14:19:10Z,senator lummiss bitcoin act extends the federal reserves bitcoin capacity to over 1m bitcoins we mull over how this might affect the price of bitcoin and related coins like btc bull token the act touches upon several critical points such as the establis,senator lummiss bitcoin act extends federal reserves bitcoin capacity over 1m bitcoins we mull over how might affect price bitcoin related coins like btc bull token act touches upon several critical points establis
CoinDesk,Oliver Knight,Bolivian State Energy Firm to Use Crypto to Pay for Imports: Reuters,YBFB hopes that using crypto will be a direct solution to the nation's shortage in U.S. dollars and foreign currency reserves.,https://www.coindesk.com/business/2025/03/12/bolivian-state-energy-firm-to-use-crypto-to-pay-for-imports-reuters,2025-03-12T14:18:53Z,ybfb hopes that using crypto will be a direct solution to the nations shortage in us dollars and foreign currency reserves,ybfb hopes using crypto direct solution nations shortage us dollars foreign currency reserves
newsBTC,Krishi Chowdhary,"Why Is Crypto Down Today, Best Crypto to Buy as Canada Tariffs Eased","Donald Trump has decided not to double tariffs on Canadian aluminum and steel, offering a sigh of relief to the US stock market. The decision to retract tariffs on Canadian metals came after Canada’s announcement that it wouldn’t go ahead with its plan of ret…",http://www.newsbtc.com/news/why-is-crypto-down-today-best-crypto-to-buy-as-canada-tariffs-eased/,2025-03-12T14:13:47Z,donald trump has decided not to double tariffs on canadian aluminum and steel offering a sigh of relief to the us stock market the decision to retract tariffs on canadian metals came after canadas announcement that it wouldnt go ahead with its plan of ret,donald trump has decided double tariffs canadian aluminum steel offering sigh relief us stock market decision retract tariffs canadian metals came after canadas announcement wouldnt go ahead its plan ret
Biztoc.com,investors.com,"Is It Time To Short Bitcoin? Analyst Eyes Drop To $73,000","Cryptocurrency momentum has stalled. Analysts expect bitcoin to fall even lower as it faces a key moving average. Short BTC ETFs jump.
The post Is It Time To Short Bitcoin? Analyst Eyes Drop To $73,000. appeared first on Investor's Business Daily.",https://biztoc.com/x/fc457c557a6c0466,2025-03-12T14:12:31Z,"cryptocurrency momentum has stalled analysts expect bitcoin to fall even lower as it faces a key moving average short btc etfs jump
the post is it time to short bitcoin analyst eyes drop to 73000 appeared first on investors business daily",cryptocurrency momentum has stalled analysts expect bitcoin fall even lower faces key moving average short btc etfs jump post time short bitcoin analyst eyes drop 73000 appeared first investors business daily
Cointelegraph,Cointelegraph by Zoltan Vardai,Crypto whale liquidated for $308M in leveraged Ether trade,"A large cryptocurrency trader, known as a whale, lost more than $308 million on a leveraged Ether position, underscoring the risks of leveraged trading during volatile market conditions.The unknown crypto trader was liquidated on their 50x leveraged long posi…",https://cointelegraph.com/news/ether-trader-loses-308-m-50x-leverage-market-volatility,2025-03-12T13:57:59Z,a large cryptocurrency trader known as a whale lost more than 308 million on a leveraged ether position underscoring the risks of leveraged trading during volatile market conditionsthe unknown crypto trader was liquidated on their 50x leveraged long posi,large cryptocurrency trader known whale lost more than 308 million leveraged ether position underscoring risks leveraged trading during volatile market conditionsthe unknown crypto trader liquidated 50x leveraged long posi
Crooksandliars.com,NewsHound Ellen,Trump Wants Violence Against Tesla Charged As Domestic Terrorism,"While Donald Trump destroys the livelihoods of thousands of Americans and threatens the health and wellbeing of millions more, there’s one person he’s bending over backwards to protect: his illegal immigrant buddy and megadonor who is also the world’s richest…",https://crooksandliars.com/2025/03/trump-wants-violence-against-tesla-charged,2025-03-12T13:49:23Z,while donald trump destroys the livelihoods of thousands of americans and threatens the health and wellbeing of millions more theres one person hes bending over backwards to protect his illegal immigrant buddy and megadonor who is also the worlds richest,while donald trump destroys livelihoods thousands americans threatens health wellbeing millions more theres one person hes bending over backwards protect his illegal immigrant buddy megadonor who also worlds richest
Coinjournal.net,Charles Thuo,Nasdaq-listed video-sharing platform Rumble invests $17.1M in Bitcoin (BTC),"Rumble bought 188 Bitcoin (BTC) for $17.1M, nearing its $20M goal. Rumble’s CEO sees BTC as an inflation hedge and crypto tie-in. Future Rumble BTC purchases depend on market and cash flow conditions. Rumble, a Nasdaq-listed video-sharing platform and cloud s…",https://coinjournal.net/news/nasdaq-listed-video-sharing-platform-rumble-invests-17-1m-in-bitcoin-btc/,2025-03-12T13:47:56Z,rumble bought 188 bitcoin btc for 171m nearing its 20m goal rumbles ceo sees btc as an inflation hedge and crypto tiein future rumble btc purchases depend on market and cash flow conditions rumble a nasdaqlisted videosharing platform and cloud s,rumble bought 188 bitcoin btc 171m nearing its 20m goal rumbles ceo sees btc inflation hedge crypto tiein future rumble btc purchases depend market cash flow conditions rumble nasdaqlisted videosharing platform cloud s
CoinDesk,Francisco Rodrigues,Bank of Russia Proposes Crypto Investment Pilot for High-Net-Worth Investors,The central banks aims to establish standards for crypto-related services and increase market transparency while expanding investment opportunities for wealthy investors.,https://www.coindesk.com/policy/2025/03/12/bank-of-russia-proposes-limited-crypto-investment-pilot-for-high-net-worth-investors,2025-03-12T13:45:02Z,the central banks aims to establish standards for cryptorelated services and increase market transparency while expanding investment opportunities for wealthy investors,central banks aims establish standards cryptorelated services increase market transparency while expanding investment opportunities wealthy investors
Cointelegraph,Cointelegraph by Arunkumar Krishnakumar,US Bitcoin reserve vs. gold and oil reserves: How do they compare?,"US reserves status quo: Gold, oil and the emerging role of Bitcoin 
The US government has long relied on gold and oil as reserve assets, but with the growing institutional adoption of Bitcoin (BTC), its potential role as a strategic reserve has increased sub…",https://cointelegraph.com/explained/us-bitcoin-reserve-vs-gold-and-oil-reserves-how-do-they-compare,2025-03-12T13:40:00Z,"us reserves status quo gold oil and the emerging role of bitcoin 
the us government has long relied on gold and oil as reserve assets but with the growing institutional adoption of bitcoin btc its potential role as a strategic reserve has increased sub",us reserves status quo gold oil emerging role bitcoin us government has long relied gold oil reserve assets growing institutional adoption bitcoin btc its potential role strategic reserve has increased sub
Yahoo Entertainment,Reuters,"Bolivia turns to crypto for energy imports amid dollar, fuel shortages",Bolivia's state energy firm YPFB will use cryptocurrency to pay for energy imports amid a painful shortage of dollars and fuel in the landlocked South...,https://finance.yahoo.com/news/bolivia-turns-crypto-energy-imports-132947930.html,2025-03-12T13:29:47Z,bolivias state energy firm ypfb will use cryptocurrency to pay for energy imports amid a painful shortage of dollars and fuel in the landlocked south,bolivias state energy firm ypfb use cryptocurrency pay energy imports amid painful shortage dollars fuel landlocked south
CNA,,"Bolivia turns to crypto for energy imports amid dollar, fuel shortages","LA PAZ : Bolivia's state energy firm YPFB will use cryptocurrency to pay for energy imports amid a painful shortage of dollars and fuel in the landlocked South American nation, a company spokesperson and a government official told Reuters on Wednesday.The cou…",https://www.channelnewsasia.com/business/bolivia-turns-crypto-energy-imports-amid-dollar-fuel-shortages-4996001,2025-03-12T13:29:47Z,la paz  bolivias state energy firm ypfb will use cryptocurrency to pay for energy imports amid a painful shortage of dollars and fuel in the landlocked south american nation a company spokesperson and a government official told reuters on wednesdaythe cou,la paz bolivias state energy firm ypfb use cryptocurrency pay energy imports amid painful shortage dollars fuel landlocked south american nation company spokesperson government official told reuters wednesdaythe cou
RT,RT,Russian man arrested for funding pro-Kiev terrorists with crypto – FSB,"The suspect has been charged with treason, the agency has said

  Read Full Article at RT.com",https://www.rt.com/russia/614068-fsb-arrest-treason/,2025-03-12T13:17:19Z,"the suspect has been charged with treason the agency has said

  read full article at rtcom",suspect has been charged treason agency has said read full article rtcom
GlobeNewswire,Research and Markets,United States Gift and Incentive Card Market Report 2025: Gyft and Prezzee Enter the Market with Unique Digital Gift Card Solutions,"The U.S. gift card market is set to grow 7.9% in 2025, reaching $234.14 billion, with digital gift cards driving demand. The market, which saw a CAGR of 8.7% from 2020-2024, is expected to continue expanding at 7.0% CAGR through 2029, reaching $307.24 billion…",https://www.globenewswire.com/news-release/2025/03/12/3041432/28124/en/United-States-Gift-and-Incentive-Card-Market-Report-2025-Gyft-and-Prezzee-Enter-the-Market-with-Unique-Digital-Gift-Card-Solutions.html,2025-03-12T13:14:00Z,the us gift card market is set to grow 79 in 2025 reaching 23414 billion with digital gift cards driving demand the market which saw a cagr of 87 from 20202024 is expected to continue expanding at 70 cagr through 2029 reaching 30724 billion,us gift card market set grow 79 2025 reaching 23414 billion digital gift cards driving demand market which saw cagr 87 from 20202024 expected continue expanding 70 cagr through 2029 reaching 30724 billion
Pypi.org,igor.kroitor@gmail.com,ccxt 4.4.67,A JavaScript / TypeScript / Python / C# / PHP cryptocurrency trading library with support for 100+ exchanges,https://pypi.org/project/ccxt/4.4.67/,2025-03-12T13:11:57Z,a javascript  typescript  python  c  php cryptocurrency trading library with support for 100 exchanges,javascript typescript python c php cryptocurrency trading library support 100 exchanges
Bitcoinist,Bitcoinist,"The 3 Best Meme Coins To Invest In As Metaplanet Buys 162 Bitcoins, Boosting Its Portfolio","When cryptocurrencies dip in value, do companies keep their heads down and ride out the storm? Recent investments seem to prove this isn’t the case. Metaplanet becomes the latest company to take advantage of the lower Bitcoin price. They’ve boosted their Bitc…",https://bitcoinist.com/best-meme-coins-metaplanet-buys-162-bitcoin/,2025-03-12T13:05:19Z,when cryptocurrencies dip in value do companies keep their heads down and ride out the storm recent investments seem to prove this isnt the case metaplanet becomes the latest company to take advantage of the lower bitcoin price theyve boosted their bitc,when cryptocurrencies dip value do companies keep heads down ride out storm recent investments seem prove isnt case metaplanet becomes latest company take advantage lower bitcoin price theyve boosted bitc
KQED,Guy Marzorati,Porter Enters Crowded Field for California Governor as Kamala Harris Weighs Run,Katie Porter promises “fresh blood and new ideas” in 2026 race to succeed Gov. Gavin Newsom.,https://www.kqed.org/news/12030744/porter-enters-crowded-field-for-california-governor-as-kamala-harris-weighs-run,2025-03-12T13:00:31Z,katie porter promises fresh blood and new ideas in 2026 race to succeed gov gavin newsom,katie porter promises fresh blood new ideas 2026 race succeed gov gavin newsom
Cointelegraph,Cointelegraph by Zoltan Vardai,Bitcoin’s next catalyst: End of $36T US debt ceiling suspension,"Bitcoin’s next significant price catalyst may arrive this Friday as the United States debt suspension period comes to an end, potentially injecting fresh liquidity into markets and driving a price rebound.The US Treasury hit its $36 trillion debt ceiling a da…",https://cointelegraph.com/news/bitcoin-catalyst-end-of-36-t-us-debt-ceiling-suspension,2025-03-12T12:56:39Z,bitcoins next significant price catalyst may arrive this friday as the united states debt suspension period comes to an end potentially injecting fresh liquidity into markets and driving a price reboundthe us treasury hit its 36 trillion debt ceiling a da,bitcoins next significant price catalyst may arrive friday united states debt suspension period comes end potentially injecting fresh liquidity markets driving price reboundthe us treasury hit its 36 trillion debt ceiling da
Cointelegraph,Cointelegraph by Helen Partz,Bank of Russia proposes to allow crypto purchases for select investors,"The Russian central bank is considering a new experimental regime to legally authorize select Russian investors to trade cryptocurrencies.On March 12, the Bank of Russia announced a proposal to allow a “limited circle of Russian investors” to buy and sell cry…",https://cointelegraph.com/news/bank-of-russia-proposes-to-allow-limited-crypto-investments,2025-03-12T12:51:30Z,the russian central bank is considering a new experimental regime to legally authorize select russian investors to trade cryptocurrencieson march 12 the bank of russia announced a proposal to allow a limited circle of russian investors to buy and sell cry,russian central bank considering new experimental regime legally authorize select russian investors trade cryptocurrencieson march 12 bank russia announced proposal allow limited circle russian investors buy sell cry
GlobeNewswire,MEXC,MEXC Ventures Invests $36 Million in Ethena & USDE to Accelerate Stablecoin Innovation and Mass Adoption of Cryptocurrency,"VICTORIA, Seychelles, March 12, 2025 (GLOBE NEWSWIRE) -- MEXC Ventures, the investment arm of the global cryptocurrency exchange MEXC, has made a strategic investment of $16 million in Ethena, a leading innovator in the stablecoin space. In addition to this i…",https://www.globenewswire.com/news-release/2025/03/12/3041374/0/en/MEXC-Ventures-Invests-36-Million-in-Ethena-USDE-to-Accelerate-Stablecoin-Innovation-and-Mass-Adoption-of-Cryptocurrency.html,2025-03-12T12:34:00Z,victoria seychelles march 12 2025 globe newswire  mexc ventures the investment arm of the global cryptocurrency exchange mexc has made a strategic investment of 16 million in ethena a leading innovator in the stablecoin space in addition to this i,victoria seychelles march 12 2025 globe newswire mexc ventures investment arm global cryptocurrency exchange mexc has made strategic investment 16 million ethena leading innovator stablecoin space addition i
newsBTC,Christian Encila,XRP Cycle Top Forecast—Analyst Pinpoints The Timeline,"A prominent analyst in the cryptocurrency community once again gave his insight on the price trajectory of XRP this year, noting that the altcoin is ripe for a massive uptick in its price in the next few months. Egrag Crypto provided an analysis of a potentia…",http://www.newsbtc.com/altcoin/xrp-cycle-top-forecast-analyst-pinpoints-the-timeline/,2025-03-12T12:30:26Z,a prominent analyst in the cryptocurrency community once again gave his insight on the price trajectory of xrp this year noting that the altcoin is ripe for a massive uptick in its price in the next few months egrag crypto provided an analysis of a potentia,prominent analyst cryptocurrency community once again gave his insight price trajectory xrp year noting altcoin ripe massive uptick its price next few months egrag crypto provided analysis potentia
Coinjournal.net,Benson Toti,Pi Network price pumps 20% in 24 hours: Why is PI surging?,"Pi Network (PI)’s is up +20% in the last 24 hours, hitting highs of $1.74. While PI price remains 44% off its peak of $2.99, buyers may push the token higher. Potential catalysts and which could catapult PI up include upcoming Pi Day and possible Binance list…",https://coinjournal.net/news/pi-network-price-pumps-20-in-24-hours-why-is-pi-surging/,2025-03-12T12:24:18Z,pi network pis is up 20 in the last 24 hours hitting highs of 174 while pi price remains 44 off its peak of 299 buyers may push the token higher potential catalysts and which could catapult pi up include upcoming pi day and possible binance list,pi network pis up 20 last 24 hours hitting highs 174 while pi price remains 44 off its peak 299 buyers may push token higher potential catalysts which could catapult pi up include upcoming pi day possible binance list
The Times of India,PTI,"Intel agency pins 'suspicion' of crypto being used for terror financing, drugs trafficking in India","A federal financial intelligence unit in India suspects that cryptocurrency is being used for serious criminal activities such as terrorist financing, cybercrime, and narcotics trafficking. They shared their findings with relevant law enforcement agencies, wh…",https://economictimes.indiatimes.com/news/india/intel-agency-pins-suspicion-of-crypto-being-used-for-terror-financing-drugs-trafficking-in-india/articleshow/118935950.cms,2025-03-12T12:19:01Z,a federal financial intelligence unit in india suspects that cryptocurrency is being used for serious criminal activities such as terrorist financing cybercrime and narcotics trafficking they shared their findings with relevant law enforcement agencies wh,federal financial intelligence unit india suspects cryptocurrency being used serious criminal activities terrorist financing cybercrime narcotics trafficking shared findings relevant law enforcement agencies wh
Forbes,"Gene A. Grant II, Contributor, 
 Gene A. Grant II, Contributor
 https://www.forbes.com/sites/genegrant/",Banks In The USA Should Be Permitted To Own Cryptocurrency,"Banks need to enter the market. Regulatory uncertainty, concerns over volatility, and the perceived risks associated with digital assets have kept banks on the sidelines.",https://www.forbes.com/sites/digital-assets/2025/03/12/banks-in-the-usa-should-be-permitted-to-own-cryptocurrency/,2025-03-12T12:15:00Z,banks need to enter the market regulatory uncertainty concerns over volatility and the perceived risks associated with digital assets have kept banks on the sidelines,banks need enter market regulatory uncertainty concerns over volatility perceived risks associated digital assets have kept banks sidelines
GlobeNewswire,Bybit Fintech FZE,Bybit Introduces USDe Minting and Redemption on On-Chain Earn,"DUBAI, United Arab Emirates, March 12, 2025 (GLOBE NEWSWIRE) -- Bybit
, the world’s second-largest cryptocurrency exchange by trading volume, has announced a groundbreaking enhancement to its On-Chain Earn
 product. Since recently, users can now seamlessly …",https://www.globenewswire.com/news-release/2025/03/12/3041329/0/en/Bybit-Introduces-USDe-Minting-and-Redemption-on-On-Chain-Earn.html,2025-03-12T12:09:00Z,"dubai united arab emirates march 12 2025 globe newswire  bybit
 the worlds secondlargest cryptocurrency exchange by trading volume has announced a groundbreaking enhancement to its onchain earn
 product since recently users can now seamlessly",dubai united arab emirates march 12 2025 globe newswire bybit worlds secondlargest cryptocurrency exchange trading volume has announced groundbreaking enhancement its onchain earn product since recently users can now seamlessly
Bitcoinist,Keshav Verma,XRP & Solana See 60-Day Volatility Break 100%: How Do Bitcoin & Dogecoin Compare?,"Data shows XRP and Solana have seen their Realized Volatility spike up after the sharp price action. Here’s how Bitcoin and other coins compare. Assets Across Crypto Have Seen An Increase In 60-Day Realized Volatility In a new post on X, the analytics firm Ka…",https://bitcoinist.com/xrp-sol-60d-volatility-breaks-100-btc-doge-stack/,2025-03-12T12:00:45Z,data shows xrp and solana have seen their realized volatility spike up after the sharp price action heres how bitcoin and other coins compare assets across crypto have seen an increase in 60day realized volatility in a new post on x the analytics firm ka,data shows xrp solana have seen realized volatility spike up after sharp price action heres how bitcoin other coins compare assets across crypto have seen increase 60day realized volatility new post x analytics firm ka
GlobeNewswire,PyroWorld,"PyroWorld: The Next Evolution in Hybrid Crypto Exchange – Licensed, Secure, and Expanding with AI & OTC Solutions","PyroWorld is preparing for MiCA compliance, reinforcing its position as a trusted European hybrid exchange. PyroWorld is preparing for MiCA compliance, reinforcing its position as a trusted European hybrid exchange.",https://www.globenewswire.com/news-release/2025/03/12/3041282/0/en/PyroWorld-The-Next-Evolution-in-Hybrid-Crypto-Exchange-Licensed-Secure-and-Expanding-with-AI-OTC-Solutions.html,2025-03-12T11:49:00Z,pyroworld is preparing for mica compliance reinforcing its position as a trusted european hybrid exchange pyroworld is preparing for mica compliance reinforcing its position as a trusted european hybrid exchange,pyroworld preparing mica compliance reinforcing its position trusted european hybrid exchange pyroworld preparing mica compliance reinforcing its position trusted european hybrid exchange
Coinjournal.net,Benson Toti,MEXC Launches March Futures Competition with Prize Pool of Up to 8 Million USDT,"Seychelles, March 12, 2025 – MEXC, a leading global cryptocurrency exchange, announces the upcoming launch of its March Futures Trading Competition. Set to run from March 13 to March 26, 2025, the competition features a prize pool of up to 8,000,000 USDT, off…",https://coinjournal.net/news/mexc-launches-march-futures-competition-with-prize-pool-of-up-to-8-million-usdt/,2025-03-12T11:34:06Z,seychelles march 12 2025  mexc a leading global cryptocurrency exchange announces the upcoming launch of its march futures trading competition set to run from march 13 to march 26 2025 the competition features a prize pool of up to 8000000 usdt off,seychelles march 12 2025 mexc leading global cryptocurrency exchange announces upcoming launch its march futures trading competition set run from march 13 march 26 2025 competition features prize pool up 8000000 usdt off
Cointelegraph,Cointelegraph by Zoltan Vardai,EU retaliatory tariffs threaten Bitcoin correction to $75K — Analysts,"The European Union’s latest retaliatory tariffs have deepened macroeconomic uncertainty, prompting crypto analysts to forecast increased volatility for Bitcoin prices, which may drop below the critical $75,000 support level.The EU will impose counter-tariffs …",https://cointelegraph.com/news/eu-retaliatory-tariffs-bitcoin-price-uncertainty-trade-tensions,2025-03-12T11:27:16Z,the european unions latest retaliatory tariffs have deepened macroeconomic uncertainty prompting crypto analysts to forecast increased volatility for bitcoin prices which may drop below the critical 75000 support levelthe eu will impose countertariffs,european unions latest retaliatory tariffs have deepened macroeconomic uncertainty prompting crypto analysts forecast increased volatility bitcoin prices which may drop below critical 75000 support levelthe eu impose countertariffs
GlobeNewswire,Bybit Fintech FZE,Bybit Expands P2P Trading with Incentives Amid Growing Demand for Crypto Accessibility,"DUBAI, United Arab Emirates, March 12, 2025 (GLOBE NEWSWIRE) -- Bybit
, the world’s second-largest cryptocurrency exchange by trading volume, is enhancing its peer-to-peer (P2P) trading ecosystem with new initiatives designed to attract merchants and experie…",https://www.globenewswire.com/news-release/2025/03/12/3041250/0/en/Bybit-Expands-P2P-Trading-with-Incentives-Amid-Growing-Demand-for-Crypto-Accessibility.html,2025-03-12T11:20:00Z,"dubai united arab emirates march 12 2025 globe newswire  bybit
 the worlds secondlargest cryptocurrency exchange by trading volume is enhancing its peertopeer p2p trading ecosystem with new initiatives designed to attract merchants and experie",dubai united arab emirates march 12 2025 globe newswire bybit worlds secondlargest cryptocurrency exchange trading volume enhancing its peertopeer p2p trading ecosystem new initiatives designed attract merchants experie
Biztoc.com,benzinga.com,US Crypto Users Missed Receiving Over $2.5 Billion In Airdrops Due To Geoblocking: Report,"Geoblocking policies in cryptocurrency airdrops may have cost Americans up to $2.6 billion in potential earnings from 2020 to 2024, a report released Monday revealed.
What Happened: Dragonfly, a cryptocurrency-focused venture capital firm, published a report …",https://biztoc.com/x/2c1dcfce6f1e0b13,2025-03-12T11:11:27Z,"geoblocking policies in cryptocurrency airdrops may have cost americans up to 26 billion in potential earnings from 2020 to 2024 a report released monday revealed
what happened dragonfly a cryptocurrencyfocused venture capital firm published a report",geoblocking policies cryptocurrency airdrops may have cost americans up 26 billion potential earnings from 2020 2024 report released monday revealed what happened dragonfly cryptocurrencyfocused venture capital firm published report
International Business Times,Marvie Basilan,Stablecoins Will Benefit The US Financial System: House Republicans,"Stablecoins were at center of a House Financial Services Committee hearing Tuesday, wherein House Republicans highlighted the benefits of such coins to the broader financial system.",https://www.ibtimes.com/stablecoins-will-benefit-us-financial-system-house-republicans-3766030,2025-03-12T11:10:01Z,stablecoins were at center of a house financial services committee hearing tuesday wherein house republicans highlighted the benefits of such coins to the broader financial system,stablecoins were center house financial services committee hearing tuesday wherein house republicans highlighted benefits coins broader financial system
Coinjournal.net,Benson Toti,HC Davos ice stadium officially becomes zondacrypto Arena,"zondacrypto enters the Swiss market with a strong impact, expanding its sports sponsorship portfolio to a new discipline – ice hockey. The leading cryptocurrency exchange in Central and Eastern Europe has become a partner of HC Davos, the 31-time Swiss champi…",https://coinjournal.net/news/hc-davos-ice-stadium-officially-becomes-zondacrypto-arena/,2025-03-12T11:09:51Z,zondacrypto enters the swiss market with a strong impact expanding its sports sponsorship portfolio to a new discipline  ice hockey the leading cryptocurrency exchange in central and eastern europe has become a partner of hc davos the 31time swiss champi,zondacrypto enters swiss market strong impact expanding its sports sponsorship portfolio new discipline ice hockey leading cryptocurrency exchange central eastern europe has become partner hc davos 31time swiss champi
Ambcrypto.com,Ishika Kumari,Franklin Templeton files for XRP ETF – Odds raise for other altcoins,"With 17 XRP ETF filings and counting, a regulatory green light may be closer than expected.",https://ambcrypto.com/franklin-templeton-files-for-xrp-etf-odds-raise-for-other-altcoins/,2025-03-12T11:00:47Z,with 17 xrp etf filings and counting a regulatory green light may be closer than expected,17 xrp etf filings counting regulatory green light may closer than expected
newsBTC,Rubmar Garcia,"Ethereum Risks Another 15% Correction After Fall Below $2,000 – What’s Next For ETH?","Ethereum (ETH) has revisited yearly lows after losing the key $2,000 support, registering its worst performance in years. Some analysts forecasted another 15% drop if the trend continues but suggested that ETH could see a bullish end-of-year. Related Reading:…",http://www.newsbtc.com/news/ethereum-risks-another-15-correction-after-fall-below-2000-whats-next-for-eth/,2025-03-12T11:00:46Z,ethereum eth has revisited yearly lows after losing the key 2000 support registering its worst performance in years some analysts forecasted another 15 drop if the trend continues but suggested that eth could see a bullish endofyear related reading,ethereum eth has revisited yearly lows after losing key 2000 support registering its worst performance years some analysts forecasted another 15 drop trend continues suggested eth could see bullish endofyear related reading
CNET,Danni Santana,PSA: Procrastinating Your Taxes Can Make Filing More Expensive. Here's Why,"Waiting until the IRS deadline to file taxes can be costly, especially for freelancers and filers looking to itemize expenses.",https://www.cnet.com/personal-finance/taxes/psa-procrastinating-your-taxes-can-make-filing-more-expensive-heres-why/,2025-03-12T11:00:00Z,waiting until the irs deadline to file taxes can be costly especially for freelancers and filers looking to itemize expenses,waiting until irs deadline file taxes can costly especially freelancers filers looking itemize expenses
CoinDesk,Francisco Rodrigues,"Mercado Bitcoin, Polygon Labs Look to Issue $200M Worth of Tokenized Assets in Latin America",The collaboration aims to expand access to tokenized private credit and other real-world assets in the region.,https://www.coindesk.com/markets/2025/03/12/mercado-bitcoin-polygon-labs-look-to-issue-usd200m-worth-of-tokenized-assets-in-latin-america,2025-03-12T11:00:00Z,the collaboration aims to expand access to tokenized private credit and other realworld assets in the region,collaboration aims expand access tokenized private credit other realworld assets region
MediaNama.com,Chaitanya Kohli,Coinbase Secures FIU-IND Approval Amid India’s Evolving Crypto Policies,"Coinbase has registered with FIU-IND, marking its return to India’s crypto market.
The post Coinbase Secures FIU-IND Approval Amid India’s Evolving Crypto Policies appeared first on MEDIANAMA.",https://www.medianama.com/2025/03/223-coinbase-secures-fiu-ind-approval-amid-indias-evolving-crypto-policies/,2025-03-12T10:55:54Z,"coinbase has registered with fiuind marking its return to indias crypto market
the post coinbase secures fiuind approval amid indias evolving crypto policies appeared first on medianama",coinbase has registered fiuind marking its return indias crypto market post coinbase secures fiuind approval amid indias evolving crypto policies appeared first medianama
The Times of India,PTI,WazirX partners BitGo Trust Company to improve fund security,Troubled Indian cryptocurrency exchange WazirX has partnered with BitGo Trust Company -- a regulated digital asset custodian and infrastructure provider -- to improve security of funds on its platform and rebuild user trust.,https://economictimes.indiatimes.com/markets/cryptocurrency/wazirx-partners-bitgo-trust-company-to-improve-fund-security/articleshow/118931978.cms,2025-03-12T10:41:22Z,troubled indian cryptocurrency exchange wazirx has partnered with bitgo trust company  a regulated digital asset custodian and infrastructure provider  to improve security of funds on its platform and rebuild user trust,troubled indian cryptocurrency exchange wazirx has partnered bitgo trust company regulated digital asset custodian infrastructure provider improve security funds its platform rebuild user trust
GlobeNewswire,Bitdeer Technologies Group,Bitdeer Announces February 2025 Production and Operations Update,"- SEAL03 sample wafers achieved a power efficiency of 9.7 J/TH at the chip level during chip verification and prototype testing while running at low voltage, ultra power-saving mode- Anticipate SEALMINER A3 mass production to commence in the latter half of 20…",https://www.globenewswire.com/news-release/2025/03/12/3041202/0/en/Bitdeer-Announces-February-2025-Production-and-Operations-Update.html,2025-03-12T10:30:00Z,seal03 sample wafers achieved a power efficiency of 97 jth at the chip level during chip verification and prototype testing while running at low voltage ultra powersaving mode anticipate sealminer a3 mass production to commence in the latter half of 20,seal03 sample wafers achieved power efficiency 97 jth chip level during chip verification prototype testing while running low voltage ultra powersaving mode anticipate sealminer a3 mass production commence latter half 20
Biztoc.com,latimes.com,Contributor: Why the Trump administration is easing up on crypto crime at exactly the wrong moment,"The Securities and Exchange Commission is scaling back its cryptocurrency enforcement unit. Why does this matter? Because crime pervades the crypto industry.
Just last month, a hacker stole about $1.5 billion from the crypto exchange Bybit in the biggest thef…",https://biztoc.com/x/93f7075b3ee9134b,2025-03-12T10:19:59Z,"the securities and exchange commission is scaling back its cryptocurrency enforcement unit why does this matter because crime pervades the crypto industry
just last month a hacker stole about 15 billion from the crypto exchange bybit in the biggest thef",securities exchange commission scaling back its cryptocurrency enforcement unit why does matter because crime pervades crypto industry just last month hacker stole about 15 billion from crypto exchange bybit biggest thef
ETF Daily News,MarketBeat News,"Assetmark Inc. Has $908,000 Position in Coinbase Global, Inc. (NASDAQ:COIN)","Assetmark Inc. lifted its stake in Coinbase Global, Inc. (NASDAQ:COIN – Free Report) by 27.0% during the fourth quarter, according to its most recent disclosure with the Securities and Exchange Commission. The fund owned 3,657 shares of the cryptocurrency exc…",https://www.etfdailynews.com/2025/03/12/assetmark-inc-has-908000-position-in-coinbase-global-inc-nasdaqcoin/,2025-03-12T10:19:08Z,assetmark inc lifted its stake in coinbase global inc nasdaqcoin  free report by 270 during the fourth quarter according to its most recent disclosure with the securities and exchange commission the fund owned 3657 shares of the cryptocurrency exc,assetmark inc lifted its stake coinbase global inc nasdaqcoin free report 270 during fourth quarter according its most recent disclosure securities exchange commission fund owned 3657 shares cryptocurrency exc
GlobeNewswire,MEXC,MEXC Launches March Futures Competition with Prize Pool of Up to 8 Million USDT,"VICTORIA, Seychelles, March 12, 2025 (GLOBE NEWSWIRE) -- MEXC, a leading global cryptocurrency exchange, announces the upcoming launch of its March Futures Trading Competition. Set to run from March 13 to March 26, 2025, the competition features a prize pool …",https://www.globenewswire.com/news-release/2025/03/12/3041189/0/en/MEXC-Launches-March-Futures-Competition-with-Prize-Pool-of-Up-to-8-Million-USDT.html,2025-03-12T10:00:00Z,victoria seychelles march 12 2025 globe newswire  mexc a leading global cryptocurrency exchange announces the upcoming launch of its march futures trading competition set to run from march 13 to march 26 2025 the competition features a prize pool,victoria seychelles march 12 2025 globe newswire mexc leading global cryptocurrency exchange announces upcoming launch its march futures trading competition set run from march 13 march 26 2025 competition features prize pool
Securityaffairs.com,Pierluigi Paganini,New Ballista Botnet spreads using TP-Link flaw. Is it an Italian job?,"The Ballista botnet is exploiting an unpatched TP-Link vulnerability, targeting over 6,000 Archer routers, Cato CTRL researchers warn. Cato CTRL researchers observed a new botnet, called Ballista botnet, which is exploiting a remote code execution (RCE) vulne…",https://securityaffairs.com/175278/malware/ballista-botnet-exploits-unpatched-tp-link-flaw.html,2025-03-12T09:51:40Z,the ballista botnet is exploiting an unpatched tplink vulnerability targeting over 6000 archer routers cato ctrl researchers warn cato ctrl researchers observed a new botnet called ballista botnet which is exploiting a remote code execution rce vulne,ballista botnet exploiting unpatched tplink vulnerability targeting over 6000 archer routers cato ctrl researchers warn cato ctrl researchers observed new botnet called ballista botnet which exploiting remote code execution rce vulne
GlobeNewswire,Thsyu CRYPTO GROUP LIMITED,THSYU Unveils Next-Generation Security: Redefining Trust in Crypto Trading,"THSYU announces quantum-resistant security and AI threat detection, solidfying the exchange as a leader in secure crypto trading.......",https://www.globenewswire.com/news-release/2025/03/12/3041180/0/en/THSYU-Unveils-Next-Generation-Security-Redefining-Trust-in-Crypto-Trading.html,2025-03-12T09:43:00Z,thsyu announces quantumresistant security and ai threat detection solidfying the exchange as a leader in secure crypto trading,thsyu announces quantumresistant security ai threat detection solidfying exchange leader secure crypto trading
newsBTC,Keshav Verma,"Bitcoin Bear Market Is Below This Level, Analyst Reveals","An analyst has explained how a moving average (MA) that has historically served as the boundary for bear markets is situated at this level. Bitcoin 50-Week MA Is Currently At $75,195 In a new post on X, analyst James Van Straten has shared a couple of importa…",http://www.newsbtc.com/bitcoin-news/bitcoin-bear-market-level-analyst-reveals/,2025-03-12T09:30:43Z,an analyst has explained how a moving average ma that has historically served as the boundary for bear markets is situated at this level bitcoin 50week ma is currently at 75195 in a new post on x analyst james van straten has shared a couple of importa,analyst has explained how moving average ma has historically served boundary bear markets situated level bitcoin 50week ma currently 75195 new post x analyst james van straten has shared couple importa
LancasterOnline,CHAD UMBLE | Staff Writer,"From country roots to FBI raid: Friends baffled by Daryl Heller's fall, but don't question his business drive","Before he became notorious as the owner of an ATM investment network whose collapse has erased more than half a billion in investors' money, Daryl Heller was a Lancaster County Mennonite farm boy with a head for numbers and the…",https://lancasteronline.com/news/local/from-country-roots-to-fbi-raid-friends-baffled-by-daryl-hellers-fall-but-dont-question/article_85ba0a00-fde9-11ef-aaec-17349def75c5.html,2025-03-12T09:10:00Z,before he became notorious as the owner of an atm investment network whose collapse has erased more than half a billion in investors money daryl heller was a lancaster county mennonite farm boy with a head for numbers and the,before he became notorious owner atm investment network whose collapse has erased more than half billion investors money daryl heller lancaster county mennonite farm boy head numbers
National Observer,Justin Fiacconi,B.C. wins case for power use limits by cryptocurrency miners,"The appeal court ruled that B.C. Hydro has the right to act in the public interest – in this case, to protect BC’s electricity supply and contain electricity prices for ratepayers.",https://www.nationalobserver.com/2025/03/11/news/bc-power-limits-cryptocurrency-mining-court-appeal,2025-03-12T09:09:07Z,the appeal court ruled that bc hydro has the right to act in the public interest  in this case to protect bcs electricity supply and contain electricity prices for ratepayers,appeal court ruled bc hydro has right act public interest case protect bcs electricity supply contain electricity prices ratepayers
Gadgets360.com,"Radhika Parashar, Siddharth Suvarna","Crypto Price Today: Bitcoin Hovers Near $80,000 as Market Volatility Continues, Altcoins Show Minor Gains","The overall crypto market cap rose by 2.09 percent over the last day. On Wednesday, March 12, Bitcoin and Ether reflected notable losses on national and international price charts. Altcoins like Dogecoin, Shiba Inu, and Chainlink saw minor gains as markets re…",https://www.gadgets360.com/cryptocurrency/news/bitcoin-price-today-usd-80000-ether-dogecoin-shiba-inu-profits-losses-7906956,2025-03-12T09:02:48Z,the overall crypto market cap rose by 209 percent over the last day on wednesday march 12 bitcoin and ether reflected notable losses on national and international price charts altcoins like dogecoin shiba inu and chainlink saw minor gains as markets re,overall crypto market cap rose 209 percent over last day wednesday march 12 bitcoin ether reflected notable losses national international price charts altcoins like dogecoin shiba inu chainlink saw minor gains markets re
GlobeNewswire,Thsyu CRYPTO GROUP LIMITED,Thsyu Exchange: Ushering in a New Era of Crypto Trading with Innovative Solutions and Global Reach,"Thsyu Exchange launches, offering a secure, innovative, and user-friendly platform for cryptocurrency trading with global reach.......",https://www.globenewswire.com/news-release/2025/03/12/3041158/0/en/Thsyu-Exchange-Ushering-in-a-New-Era-of-Crypto-Trading-with-Innovative-Solutions-and-Global-Reach.html,2025-03-12T08:44:00Z,thsyu exchange launches offering a secure innovative and userfriendly platform for cryptocurrency trading with global reach,thsyu exchange launches offering secure innovative userfriendly platform cryptocurrency trading global reach
The Punch,Branded Content,Popular IG Comedian and Singer Carterefe Is SnappyExchange’s New Brand Ambassador,"SnappyExchange, Nigeria’s leading platform for buying and selling cryptocurrency and gift cards, has announced popular Instagram comedian and singer, Carterefe, also known as Machala The Great, as its new brand ambassador. This exciting partnership marks a ne…",https://punchng.com/popular-ig-comedian-and-singer-carterefe-is-snappyexchanges-new-brand-ambassador/,2025-03-12T08:29:02Z,snappyexchange nigerias leading platform for buying and selling cryptocurrency and gift cards has announced popular instagram comedian and singer carterefe also known as machala the great as its new brand ambassador this exciting partnership marks a ne,snappyexchange nigerias leading platform buying selling cryptocurrency gift cards has announced popular instagram comedian singer carterefe also known machala great its new brand ambassador exciting partnership marks ne
Cointelegraph,Cointelegraph by Arijit Sarkar,"America must back pro-stablecoin laws, reject CBDCs — US Rep. Emmer","US Representative Tom Emmer argued for prioritizing pro-stablecoin legislation in a March 11 House Financial Services Committee hearing, while calling central bank digital currencies (CBDC) a threat to American values.On March 6, Emmer reintroduced the CBDC A…",https://cointelegraph.com/news/tom-emmer-pro-stablecoin-bill-cbdcs-un-american,2025-03-12T08:21:22Z,us representative tom emmer argued for prioritizing prostablecoin legislation in a march 11 house financial services committee hearing while calling central bank digital currencies cbdc a threat to american valueson march 6 emmer reintroduced the cbdc a,us representative tom emmer argued prioritizing prostablecoin legislation march 11 house financial services committee hearing while calling central bank digital currencies cbdc threat american valueson march 6 emmer reintroduced cbdc
GlobeNewswire,21Shares,21Shares Announces Fee Reduction for Bitcoin Ethereum Core ETP ABBA and Xetra Cross-Listing,"ZURICH, 12 March 2025 – 21Shares AG (""21Shares""), one of the world's largest issuers of cryptocurrency exchange traded products (ETPs), is pleased to announce a significant fee reduction for the 21Shares Bitcoin Ethereum Core ETP (ABBA), alongside its listing…",https://www.globenewswire.com/news-release/2025/03/12/3041147/0/en/21Shares-Announces-Fee-Reduction-for-Bitcoin-Ethereum-Core-ETP-ABBA-and-Xetra-Cross-Listing.html,2025-03-12T08:00:00Z,zurich 12 march 2025  21shares ag 21shares one of the worlds largest issuers of cryptocurrency exchange traded products etps is pleased to announce a significant fee reduction for the 21shares bitcoin ethereum core etp abba alongside its listing,zurich 12 march 2025 21shares ag 21shares one worlds largest issuers cryptocurrency exchange traded products etps pleased announce significant fee reduction 21shares bitcoin ethereum core etp abba alongside its listing
Cointelegraph,Cointelegraph by,Nigeria’s crypto future: Striking a balance between innovation and regulation,"Opinion by: Mohammed Idris, Minister of Information of NigeriaNigeria has emerged as one of the most active and dynamic crypto markets in recent years. From bustling tech hubs in Lagos to grassroots communities in smaller cities, young Nigerians have turned t…",https://cointelegraph.com/news/nigeria-s-crypto-future,2025-03-12T08:00:00Z,opinion by mohammed idris minister of information of nigerianigeria has emerged as one of the most active and dynamic crypto markets in recent years from bustling tech hubs in lagos to grassroots communities in smaller cities young nigerians have turned t,opinion mohammed idris minister information nigerianigeria has emerged one most active dynamic crypto markets recent years from bustling tech hubs lagos grassroots communities smaller cities young nigerians have turned t
GlobeNewswire,Mercurity Fintech Holding Inc.,Mercurity Fintech Holding Inc. Announces Strategic Engagement with BitGo for Institutional-Grade Custody Services,"New York, March 12, 2025 (GLOBE NEWSWIRE) -- Mercurity Fintech Holding Inc. (the “Company,” “we,” “us,” “our company,” or “MFH”) (Nasdaq: MFH), a digital fintech group, today announced a strategic engagement with BitGo, a recognized leader in institutional di…",https://www.globenewswire.com/news-release/2025/03/12/3041146/0/en/Mercurity-Fintech-Holding-Inc-Announces-Strategic-Engagement-with-BitGo-for-Institutional-Grade-Custody-Services.html,2025-03-12T08:00:00Z,new york march 12 2025 globe newswire  mercurity fintech holding inc the company we us our company or mfh nasdaq mfh a digital fintech group today announced a strategic engagement with bitgo a recognized leader in institutional di,new york march 12 2025 globe newswire mercurity fintech holding inc company we us our company mfh nasdaq mfh digital fintech group today announced strategic engagement bitgo recognized leader institutional di
newsBTC,Aayush Jindal,Cardano Struggles to Climb—ADA Faces Strong Hurdles Ahead,Cardano price started a fresh decline below the $0.75 zone. ADA is correcting some losses and might face resistance near the $0.750 level. ADA price started a recovery wave from the $0.650 zone. The price is trading below $0.750 and the 100-hourly simple movi…,http://www.newsbtc.com/analysis/ada/cardano-struggles-to-climb-0-75/,2025-03-12T07:58:38Z,cardano price started a fresh decline below the 075 zone ada is correcting some losses and might face resistance near the 0750 level ada price started a recovery wave from the 0650 zone the price is trading below 0750 and the 100hourly simple movi,cardano price started fresh decline below 075 zone ada correcting some losses might face resistance near 0750 level ada price started recovery wave from 0650 zone price trading below 0750 100hourly simple movi
ETF Daily News,MarketBeat News,"Victory Capital Management Inc. Has $17.86 Million Stake in Coinbase Global, Inc. (NASDAQ:COIN)","Victory Capital Management Inc. raised its position in shares of Coinbase Global, Inc. (NASDAQ:COIN) by 10.9% during the 4th quarter, Holdings Channel.com reports. The firm owned 71,933 shares of the cryptocurrency exchange’s stock after acquiring an addition…",https://www.etfdailynews.com/2025/03/12/victory-capital-management-inc-has-17-86-million-stake-in-coinbase-global-inc-nasdaqcoin/,2025-03-12T07:55:02Z,victory capital management inc raised its position in shares of coinbase global inc nasdaqcoin by 109 during the 4th quarter holdings channelcom reports the firm owned 71933 shares of the cryptocurrency exchanges stock after acquiring an addition,victory capital management inc raised its position shares coinbase global inc nasdaqcoin 109 during 4th quarter holdings channelcom reports firm owned 71933 shares cryptocurrency exchanges stock after acquiring addition
ETF Daily News,MarketBeat News,Cantor Fitzgerald Cuts HIVE Digital Technologies (NASDAQ:HIVE) Price Target to $8.00,"HIVE Digital Technologies (NASDAQ:HIVE – Free Report) had its target price trimmed by Cantor Fitzgerald from $10.00 to $8.00 in a research note released on Tuesday morning,Benzinga reports. The firm currently has an overweight rating on the stock. Several oth…",https://www.etfdailynews.com/2025/03/12/cantor-fitzgerald-cuts-hive-digital-technologies-nasdaqhive-price-target-to-8-00/,2025-03-12T07:28:50Z,hive digital technologies nasdaqhive  free report had its target price trimmed by cantor fitzgerald from 1000 to 800 in a research note released on tuesday morningbenzinga reports the firm currently has an overweight rating on the stock several oth,hive digital technologies nasdaqhive free report had its target price trimmed cantor fitzgerald from 1000 800 research note released tuesday morningbenzinga reports firm currently has overweight rating stock several oth
Forbes,"Zak Doffman, Contributor, 
 Zak Doffman, Contributor
 https://www.forbes.com/sites/zakdoffman/",Google Play Store Warning—Do Not Download These Free Apps,Don’t make this stupidly simple mistake — here’s what to know.,https://www.forbes.com/sites/zakdoffman/2025/03/12/google-play-store-warning-do-not-download-these-free-apps/,2025-03-12T07:10:24Z,dont make this stupidly simple mistake  heres what to know,dont make stupidly simple mistake heres what know
newsBTC,Aayush Jindal,XRP Price Eyes Upside Break—Can Bulls Push Through Resistance?,XRP price started a fresh recovery wave from the $1.90 zone. The price is now showing positive signs and might clear the $2.250 resistance zone. XRP price started a fresh decline from the $2.200 resistance zone. The price is now trading below $2.1850 and the …,http://www.newsbtc.com/analysis/xrp/xrp-price-eyes-upside-2-250/,2025-03-12T07:08:30Z,xrp price started a fresh recovery wave from the 190 zone the price is now showing positive signs and might clear the 2250 resistance zone xrp price started a fresh decline from the 2200 resistance zone the price is now trading below 21850 and the,xrp price started fresh recovery wave from 190 zone price now showing positive signs might clear 2250 resistance zone xrp price started fresh decline from 2200 resistance zone price now trading below 21850
Biztoc.com,benzinga.com,"Melania Trump's Official Memecoin, Worth Over $13 Billion Barely Two Months Ago, Is Now Valued At $367 Million","Official Melania (CRYPTO: MELANIA) failed to reverse its downsides on Tuesday, even as the broader meme coin market staged a strong recovery.
What happened: The official cryptocurrency of First Lady Melania Trump fell over 4% in the last 24 hours, widening it…",https://biztoc.com/x/0374fd23dfd799ae,2025-03-12T07:01:07Z,"official melania crypto melania failed to reverse its downsides on tuesday even as the broader meme coin market staged a strong recovery
what happened the official cryptocurrency of first lady melania trump fell over 4 in the last 24 hours widening it",official melania crypto melania failed reverse its downsides tuesday even broader meme coin market staged strong recovery what happened official cryptocurrency first lady melania trump fell over 4 last 24 hours widening
ETF Daily News,MarketBeat News,Mizuho Has Lowered Expectations for Coinbase Global (NASDAQ:COIN) Stock Price,"Coinbase Global (NASDAQ:COIN) had its target price trimmed by Mizuho from $280.00 to $217.00 in a research note issued to investors on Tuesday morning,Benzinga reports. The firm currently has a neutral rating on the cryptocurrency exchange’s stock. Several ot…",https://www.etfdailynews.com/2025/03/12/mizuho-has-lowered-expectations-for-coinbase-global-nasdaqcoin-stock-price/,2025-03-12T06:58:43Z,coinbase global nasdaqcoin had its target price trimmed by mizuho from 28000 to 21700 in a research note issued to investors on tuesday morningbenzinga reports the firm currently has a neutral rating on the cryptocurrency exchanges stock several ot,coinbase global nasdaqcoin had its target price trimmed mizuho from 28000 21700 research note issued investors tuesday morningbenzinga reports firm currently has neutral rating cryptocurrency exchanges stock several ot
Hurriyet Daily News,hurriyetdailynews.com,Honeymoon ends for Trump on US financial markets,The euphoria that Donald Trump's election triggered for financial markets seems to be a thing of the past as investors now fret over the prospect of the president's trade wars sparking a U.S. recession.,https://www.hurriyetdailynews.com/honeymoon-ends-for-trump-on-us-financial-markets-206795,2025-03-12T06:57:45Z,the euphoria that donald trumps election triggered for financial markets seems to be a thing of the past as investors now fret over the prospect of the presidents trade wars sparking a us recession,euphoria donald trumps election triggered financial markets seems thing past investors now fret over prospect presidents trade wars sparking us recession
newsBTC,Ash Tiwari,"Bitcoin To Bottom Around $70,000? Arthur Hayes Says Correction ‘Very Normal’ In A Bull Market","According to crypto entrepreneur Arthur Hayes, Bitcoin (BTC) is likely to bottom around $70,000, marking a 36% correction from its latest all-time high (ATH) of $108,786. Hayes stated that such corrections are “very normal” in a bull market. Bitcoin To Dip Fu…",http://www.newsbtc.com/bitcoin-news/bitcoin-to-bottom-around-70000-arthur-hayes-says-correction-very-normal-in-a-bull-market/,2025-03-12T06:30:41Z,according to crypto entrepreneur arthur hayes bitcoin btc is likely to bottom around 70000 marking a 36 correction from its latest alltime high ath of 108786 hayes stated that such corrections are very normal in a bull market bitcoin to dip fu,according crypto entrepreneur arthur hayes bitcoin btc likely bottom around 70000 marking 36 correction from its latest alltime high ath 108786 hayes stated corrections very normal bull market bitcoin dip fu
Luxuo.com,Sanjeeva Suresh,Greenline 45 Coupe Bought With Bitcoin,"Greenline Yachts seals its first full Bitcoin transaction, delivering a solar-powered 45 Coupe to a crypto-savvy owner.
The post Greenline 45 Coupe Bought With Bitcoin appeared first on LUXUO.",https://www.luxuo.com/motoring/yachting/greenline-45-coupe-bought-with-bitcoin.html,2025-03-12T06:30:00Z,"greenline yachts seals its first full bitcoin transaction delivering a solarpowered 45 coupe to a cryptosavvy owner
the post greenline 45 coupe bought with bitcoin appeared first on luxuo",greenline yachts seals its first full bitcoin transaction delivering solarpowered 45 coupe cryptosavvy owner post greenline 45 coupe bought bitcoin appeared first luxuo
ETF Daily News,MarketBeat News,Cellebrite DI (NASDAQ:CLBT) Receives Buy Rating from Needham & Company LLC,"Cellebrite DI (NASDAQ:CLBT – Get Free Report)‘s stock had its “buy” rating restated by equities researchers at Needham & Company LLC in a note issued to investors on Monday,Benzinga reports. They currently have a $28.00 target price on the stock. Needham & Co…",https://www.etfdailynews.com/2025/03/12/cellebrite-di-nasdaqclbt-receives-buy-rating-from-needham-company-llc-2/,2025-03-12T06:08:56Z,cellebrite di nasdaqclbt  get free reports stock had its buy rating restated by equities researchers at needham  company llc in a note issued to investors on mondaybenzinga reports they currently have a 2800 target price on the stock needham  co,cellebrite di nasdaqclbt get free reports stock had its buy rating restated equities researchers needham company llc note issued investors mondaybenzinga reports currently have 2800 target price stock needham co
Cointelegraph,Cointelegraph by Ciaran Lyons,"Bitcoin high-entry buyers are driving sell pressure, price may ‘floor’ at $70K","Bitcoin buyers who purchased around when it hit a $109,000 all-time peak in January are now panic-selling as the cryptocurrency declines, says onchain analytics firm Glassnode, which isn’t ruling out that Bitcoin could slide to $70,000.Glassnode said in a Mar…",https://cointelegraph.com/news/bitcoin-high-entry-buyers-sell-pressure-btc-retrace-possible,2025-03-12T06:01:29Z,bitcoin buyers who purchased around when it hit a 109000 alltime peak in january are now panicselling as the cryptocurrency declines says onchain analytics firm glassnode which isnt ruling out that bitcoin could slide to 70000glassnode said in a mar,bitcoin buyers who purchased around when hit 109000 alltime peak january now panicselling cryptocurrency declines says onchain analytics firm glassnode which isnt ruling out bitcoin could slide 70000glassnode said mar
Bitcoinist,Keshav Verma,Bitcoin Bearish Signal: Miner Deposits To Exchanges Spike,"On-chain data shows that Bitcoin miner exchange inflows have shot up recently, something that could extend BTC’s price drawdown. Bitcoin Miner To Exchange Flow Metric Has Seen A Spike As pointed out by an analyst in a CryptoQuant Quicktake post, miners are up…",https://bitcoinist.com/bitcoin-bearish-miner-deposits-exchanges-spike/,2025-03-12T06:00:17Z,onchain data shows that bitcoin miner exchange inflows have shot up recently something that could extend btcs price drawdown bitcoin miner to exchange flow metric has seen a spike as pointed out by an analyst in a cryptoquant quicktake post miners are up,onchain data shows bitcoin miner exchange inflows have shot up recently something could extend btcs price drawdown bitcoin miner exchange flow metric has seen spike pointed out analyst cryptoquant quicktake post miners up
Naturalnews.com,Willow Tohi,Trumpâs BITCOIN GAMBIT: U.S. launches Strategic Bitcoin Reserve to cement crypto dominance,"President Donald Trump announced the creation of a Strategic Bitcoin Reserve on March 6, positioning the U.S. as a global leader in the digital asset economy. The reserve, housed within the U.S. Treasury, aims to consolidate and expand federal holdings of Bit…",https://www.naturalnews.com/2025-03-12-trump-launches-strategic-bitcoin-reserve-cement-crypto-dominance.html,2025-03-12T06:00:00Z,president donald trump announced the creation of a strategic bitcoin reserve on march 6 positioning the us as a global leader in the digital asset economy the reserve housed within the us treasury aims to consolidate and expand federal holdings of bit,president donald trump announced creation strategic bitcoin reserve march 6 positioning us global leader digital asset economy reserve housed within us treasury aims consolidate expand federal holdings bit
Naturalnews.com,Willow Tohi,"U.S. regulator greenlights banks for crypto activities, reversing 2021 restrictions","On March 7, the U.S. Office of the Comptroller of the Currency (OCC) announced that banks can now engage in cryptocurrency-related activities, reversing its 2021 policy that imposed stricter oversight. This marks a significant step toward mainstream adoption …",https://www.naturalnews.com/2025-03-12-us-regulator-greenlights-banks-for-crypto-activities.html,2025-03-12T06:00:00Z,on march 7 the us office of the comptroller of the currency occ announced that banks can now engage in cryptocurrencyrelated activities reversing its 2021 policy that imposed stricter oversight this marks a significant step toward mainstream adoption,march 7 us office comptroller currency occ announced banks can now engage cryptocurrencyrelated activities reversing its 2021 policy imposed stricter oversight marks significant step toward mainstream adoption
International Business Times,Marvie Basilan,Franklin Templeton Files For $XRP ETF Amid SEC Delays On Crypto Applications,"Franklin Templeton has filed an S-1 form with the SEC to issue an $XRP ETF, on the same day Wall Street regulator delayed its decision on the filings for other cryptocurrency ETFs.",https://www.ibtimes.com/franklin-templeton-files-xrp-etf-amid-sec-delays-crypto-applications-3766015,2025-03-12T05:50:43Z,franklin templeton has filed an s1 form with the sec to issue an xrp etf on the same day wall street regulator delayed its decision on the filings for other cryptocurrency etfs,franklin templeton has filed s1 form sec issue xrp etf same day wall street regulator delayed its decision filings other cryptocurrency etfs
Biztoc.com,benzinga.com,"Dogecoin, XRP ETF Filings Delayed By SEC But Influential Analyst Says 'Relatively High' Odds Of Approval","The Securities and Exchange Commission delayed the approval of several cryptocurrency spot exchange-traded funds Tuesday, including Litecoin (CRYPTO: LTC), Solana (CRYPTO: SOL), XRP (CRYPTO: XRP), and Dogecoin (CRYPTO: DOGE).
What Happened: The regulator post…",https://biztoc.com/x/57011a9cb34ccacc,2025-03-12T05:20:40Z,"the securities and exchange commission delayed the approval of several cryptocurrency spot exchangetraded funds tuesday including litecoin crypto ltc solana crypto sol xrp crypto xrp and dogecoin crypto doge
what happened the regulator post",securities exchange commission delayed approval several cryptocurrency spot exchangetraded funds tuesday including litecoin crypto ltc solana crypto sol xrp crypto xrp dogecoin crypto doge what happened regulator post
newsBTC,Samuel Edyme,Bitcoin Struggles Below $82K While Coinbase Premium Rises—What’s Next?,"Bitcoin continues to face challenges in regaining upward momentum, with the cryptocurrency still trading below $82,000 as of today. The asset remains 25.1% below its all-time high of $109,000, recorded in January. Over the past 24 hours, BTC has seen an addit…",http://www.newsbtc.com/news/bitcoin-struggles-below-82k-while-coinbase-premium-rises-whats-next/,2025-03-12T05:00:44Z,bitcoin continues to face challenges in regaining upward momentum with the cryptocurrency still trading below 82000 as of today the asset remains 251 below its alltime high of 109000 recorded in january over the past 24 hours btc has seen an addit,bitcoin continues face challenges regaining upward momentum cryptocurrency still trading below 82000 today asset remains 251 below its alltime high 109000 recorded january over past 24 hours btc has seen addit
Phandroid - News for Android,Phandroid Editors,Why is Crypto Crashing?,"The cryptocurrency market has experienced significant turbulence recently, with prices of major assets like Bitcoin, Ethereum, and others plummeting. This crash has left many investors, especially new traders, wondering: Why is crypto crashing? In this articl…",https://phandroid.com/2025/03/12/why-is-crypto-crashing/,2025-03-12T04:42:53Z,the cryptocurrency market has experienced significant turbulence recently with prices of major assets like bitcoin ethereum and others plummeting this crash has left many investors especially new traders wondering why is crypto crashing in this articl,cryptocurrency market has experienced significant turbulence recently prices major assets like bitcoin ethereum others plummeting crash has left many investors especially new traders wondering why crypto crashing articl
Bitcoinist,Jake Simmons,"Is Ethereum Foundation’s 30,000 ETH Really At Risk? Here’s The Truth","Ethereum (ETH), the second-largest cryptocurrency by market capitalization, has experienced renewed downward pressure amid a widespread market crash. After reaching a mid-December high of $4,107—still below its November 2021 all-time high of $4,868—ETH slippe…",https://bitcoinist.com/ethereum-foundation-30000-eth-at-risk-truth/,2025-03-12T04:30:38Z,ethereum eth the secondlargest cryptocurrency by market capitalization has experienced renewed downward pressure amid a widespread market crash after reaching a middecember high of 4107still below its november 2021 alltime high of 4868eth slippe,ethereum eth secondlargest cryptocurrency market capitalization has experienced renewed downward pressure amid widespread market crash after reaching middecember high 4107still below its november 2021 alltime high 4868eth slippe
Ozbargain.com.au,Jessie Ryder,"Trade $200 Worth of Any Cryptocurrency, Get Bonus 18 USDT (Limit 1,666 Claims) @ OKX (Activation Required)","Moving from OKXs worst campaign to one of its better ones.

McLaren F1 Team holds the title for the fastest pit stop, setting an incredible record of just 1.8 seconds. In a sport where every millisecond counts, their precision and strategy in the pit lane are…",https://www.ozbargain.com.au/node/897192,2025-03-12T04:27:28Z,"moving from okxs worst campaign to one of its better ones

mclaren f1 team holds the title for the fastest pit stop setting an incredible record of just 18 seconds in a sport where every millisecond counts their precision and strategy in the pit lane are",moving from okxs worst campaign one its better ones mclaren f1 team holds title fastest pit stop setting incredible record just 18 seconds sport where every millisecond counts precision strategy pit lane
GlobeNewswire,CoinEx,"CoinEx Wallet connected with Reown and their industry-leading WalletKit SDK, enhancing the dApp Access Experience","HONG KONG, March 12, 2025 (GLOBE NEWSWIRE) -- CoinEx, a leading global cryptocurrency exchange, is excited to announce that the CoinEx Wallet is now integrated with Reown’s WalletKit, having access to the WalletConnect via an integration with Reown’s WalletKi…",https://www.globenewswire.com/news-release/2025/03/12/3041104/0/en/CoinEx-Wallet-connected-with-Reown-and-their-industry-leading-WalletKit-SDK-enhancing-the-dApp-Access-Experience.html,2025-03-12T04:11:00Z,hong kong march 12 2025 globe newswire  coinex a leading global cryptocurrency exchange is excited to announce that the coinex wallet is now integrated with reowns walletkit having access to the walletconnect via an integration with reowns walletki,hong kong march 12 2025 globe newswire coinex leading global cryptocurrency exchange excited announce coinex wallet now integrated reowns walletkit having access walletconnect via integration reowns walletki
Americanthinker.com,,"Trump’s Digital Fort Knox: Bitcoin, the Dollar, and America’s Financial Future","President Donald Trump’s executive order of March 6, on the Establishment of a Strategic Bitcoin Reserve and a US Digital Asset Stockpile is not just a policy shift—it is a paradigm shift. In a single stroke, the White House has transform...",https://www.americanthinker.com/articles/2025/03/trump_s_digital_fort_knox_bitcoin_the_dollar_and_america_s_financial_future.html,2025-03-12T04:00:00Z,president donald trumps executive order of march 6 on the establishment of a strategic bitcoin reserve and a us digital asset stockpile is not just a policy shiftit is a paradigm shift in a single stroke the white house has transform,president donald trumps executive order march 6 establishment strategic bitcoin reserve us digital asset stockpile just policy shiftit paradigm shift single stroke white house has transform
Bitcoinist,Christian Encila,US Treasury Targets Bitcoin And XRP Growth—Big Win For Crypto?,"David Sacks, the White House’s crypto czar, has disclosed the intentions of the Treasury Department to concentrate on increasing the value of Bitcoin, XRP, and other digital assets that the US government owns. This, after US President Donald Trump signed an e…",https://bitcoinist.com/us-treasury-targets-bitcoin-and-xrp-growth-big-win-for-crypto/,2025-03-12T03:00:27Z,david sacks the white houses crypto czar has disclosed the intentions of the treasury department to concentrate on increasing the value of bitcoin xrp and other digital assets that the us government owns this after us president donald trump signed an e,david sacks white houses crypto czar has disclosed intentions treasury department concentrate increasing value bitcoin xrp other digital assets us government owns after us president donald trump signed e
The Times of India,ET Online,Pi Network cryptocurrency crashes 55%: Pi Coin price falls below $1.5 as KYC deadline looms—Can Binance listing help?,"Pi Coin has experienced sharp price swings, dropping over 55% from its all-time high as trading volumes shrink. With a critical KYC and migration deadline set for March 14, speculation is also mounting over a potential Binance listing. Market analysts suggest…",https://economictimes.indiatimes.com/news/new-updates/pi-network-cryptocurrency-crashes-55-pi-coin-price-falls-below-1-5-as-kyc-deadline-loomscan-binance-listing-help/articleshow/118913028.cms,2025-03-12T02:49:04Z,pi coin has experienced sharp price swings dropping over 55 from its alltime high as trading volumes shrink with a critical kyc and migration deadline set for march 14 speculation is also mounting over a potential binance listing market analysts suggest,pi coin has experienced sharp price swings dropping over 55 from its alltime high trading volumes shrink critical kyc migration deadline set march 14 speculation also mounting over potential binance listing market analysts suggest
Biztoc.com,benzinga.com,"Bitcoin, Ethereum, Dogecoin Recover On Strategic Reserve Bill In Congress: Top Analyst Foresees BTC's 'Swift Move' To $88,000-$92,000 If This Happens","Leading cryptocurrencies bounced back Tuesday after a Strategic Bitcoin Reserve bill was tabled in the House of Representatives.
Cryptocurrency
Gains +/-
Price (Recorded at 8:45 p.m. ET)
Bitcoin (CRYPTO: BTC)
+7.69%
$82,733.64
Ethereum (CRYPTO: ETH) 
+5.57%
$…",https://biztoc.com/x/59e87a71dcf71c19,2025-03-12T02:21:05Z,"leading cryptocurrencies bounced back tuesday after a strategic bitcoin reserve bill was tabled in the house of representatives
cryptocurrency
gains 
price recorded at 845 pm et
bitcoin crypto btc
769
8273364
ethereum crypto eth 
557",leading cryptocurrencies bounced back tuesday after strategic bitcoin reserve bill tabled house representatives cryptocurrency gains price recorded 845 pm et bitcoin crypto btc 769 8273364 ethereum crypto eth 557
Cointelegraph,Cointelegraph by Felix Ng,Senator Lummis’ new BITCOIN Act allows US reserve to exceed 1M Bitcoin,"US Senator Cynthia Lummis’ newly reintroduced BITCOIN Act will allow the government to potentially hold more than 1 million Bitcoin as part of its newly established reserve.The bill, first introduced in July, directs the US government to buy 200,000 Bitcoin (…",https://cointelegraph.com/news/senator-cynthia-lummis-new-bitcoin-act-one-million-btc,2025-03-12T02:07:40Z,us senator cynthia lummis newly reintroduced bitcoin act will allow the government to potentially hold more than 1 million bitcoin as part of its newly established reservethe bill first introduced in july directs the us government to buy 200000 bitcoin,us senator cynthia lummis newly reintroduced bitcoin act allow government potentially hold more than 1 million bitcoin part its newly established reservethe bill first introduced july directs us government buy 200000 bitcoin
