source,author,title,description,url,published_at
Decrypt,Luke Edwards,Lazarus Infects New Batch of JavaScript Packages With Crypto Stealing Malware: Researchers,"""The tactics, techniques, and procedures (TTPs) observed in this npm attack closely align with Lazarus’s known operations,"" a cybersecurity research said.",https://decrypt.co/309669/lazarus-javascript-crypto-stealing-malware,2025-03-12T15:34:58Z
newsBTC,Christian Encila,XRP Crashing? Analyst Sounds Alarm On Looming Price Threat,"An analyst is expressing apprehension regarding the price movement of XRP, cautioning that the cryptocurrency may be on the brink of a significant decline. A bearish price pattern is forming on the charts, which, if confirmed, could result in a significant se…",http://www.newsbtc.com/altcoin/xrp-crashing-analyst-sounds-alarm-on-looming-price-threat/,2025-03-12T15:30:41Z
Biztoc.com,finance.yahoo.com,Russian central bank proposes wealthy individuals be allowed to invest in crypto,"Russia's central bank has proposed regulating certain cryptocurrency investments for wealthy individuals, it said on Wednesday, outlining plans for ""specially qualified"" investors to trade crypto assets.
The bank has gradually softened its strong opposition t…",https://biztoc.com/x/92fdc8edbc5b3d1d,2025-03-12T15:17:43Z
GlobeNewswire,Qwadrox,QwadroX (QWRX) Announces 1 Billion Token Giveaway to Support Crypto and Philanthropy,"LOS ANGELES, March 12, 2025 (GLOBE NEWSWIRE) -- QwadroX (QWRX), one of the most promising cryptocurrencies of 2025, is set to distribute 1 billion tokens on March 31, 2025. According to predictions by ChatGPT and DeepSeek, QWRX has immense growth potential. W…",https://www.globenewswire.com/news-release/2025/03/12/3041581/0/en/QwadroX-QWRX-Announces-1-Billion-Token-Giveaway-to-Support-Crypto-and-Philanthropy.html,2025-03-12T15:17:00Z
CoinDesk,Matt Gerics,Why There's More to BNB Than Meets the Eye,"Many investors dismiss BNB as simply ""the Binance coin,"" but that designation fails to recognize the potential arising from its broader value unlock, says Osprey Funds’ Matt Gerics.",https://www.coindesk.com/coindesk-indices/2025/03/12/why-there-s-more-to-bnb-than-meets-the-eye,2025-03-12T15:14:08Z
CNA,,Binance says Abu Dhabi's MGX invests $2 billion into crypto exchange,Cryptocurrency exchange Binance said on Wednesday Abu Dhabi investment group MGX had invested $2 billion worth of cryptocurrency into the company. Binance said in a statement posted on its website that it was the first time it had taken institutional investme…,https://www.channelnewsasia.com/business/binance-says-abu-dhabis-mgx-invests-2-billion-crypto-exchange-4996236,2025-03-12T15:08:51Z
CNA,,Binance says Abu Dhabi's MGX invests $2 billion into crypto exchange,Cryptocurrency exchange Binance said on Wednesday Abu Dhabi investment group MGX had invested $2 billion worth of cryptocurrency into the company. Binance said in a statement posted on its website that it was the first time it had taken institutional investme…,https://www.channelnewsasia.com/business/crypto-exchange-binance-gets-2-billion-investment-abu-dhabis-mgx-4996236,2025-03-12T15:08:51Z
Yahoo Entertainment,Reuters,Crypto exchange Binance gets $2 billion investment from Abu Dhabi's MGX,"DUBAI (Reuters) -Abu Dhabi investment group MGX has invested $2 billion worth of cryptocurrency into Binance, in what the world's largest cryptocurrency...",https://finance.yahoo.com/news/binance-says-abu-dhabis-mgx-150851375.html,2025-03-12T15:08:51Z
Yahoo Entertainment,Reuters,Russian central bank proposes wealthy individuals be allowed to invest in crypto,"Russia's central bank has proposed regulating certain cryptocurrency investments for wealthy individuals, it said on Wednesday, outlining plans for...",https://finance.yahoo.com/news/russian-central-bank-proposes-wealthy-150612589.html,2025-03-12T15:06:12Z
Biztoc.com,benzinga.com,XRP Spikes 3%: Why Is It Going Up?,"XRP (CRYPTO: XRP) is up on Wedneday amid growing institutional interest.
What Happened: Cryptocurrency options exchange Deribit noted the positive impact of ETF filings on the price of XRP, despite the looming threat of tariffs.
Cryptocurrency
Price 
24-Hour …",https://biztoc.com/x/4412c5729ee0eed1,2025-03-12T15:05:57Z
Bitcoinist,Christian Encila,Bitcoin Whales Selling Less? Analyst Sees Signs Of A Rebound,"A shift in Bitcoin whale activity is occurring on Binance, which may cause the market to go in a different route. There is uncertainty as a result of some major Bitcoin holders decreasing their holdings while others are buying. This change in whale behavior m…",https://bitcoinist.com/bitcoin-whales-selling-less-analyst-sees-signs-of-a-rebound/,2025-03-12T15:00:18Z
GlobeNewswire,"ReversingLabs US, Inc.","ReversingLabs Annual Software Supply Chain Security Report Spotlights Mounting Attacks on AI, Crypto, Open Source, and Commercial Software","ReversingLabs has released its 3rd annual Software Supply Chain Security Report, which details the growing sophistication of software supply chain attacks.",https://www.globenewswire.com/news-release/2025/03/12/3041573/0/en/ReversingLabs-Annual-Software-Supply-Chain-Security-Report-Spotlights-Mounting-Attacks-on-AI-Crypto-Open-Source-and-Commercial-Software.html,2025-03-12T15:00:00Z
TechRadar,Sead Fadilpašić,Hackers are abusing $TRUMP tokens to lure victims in to new phishing scam,"A new campaign promises $TRUMP tokens to those that download Binance, fast.",https://www.techradar.com/pro/security/hackers-are-abusing-usdtrump-tokens-to-lure-victims-in-to-new-phishing-scam,2025-03-12T15:00:00Z
Decrypt,Decrypt Staff,Binance Secures $2 Billion Investment From Abu Dhabi Firm—Paid in Stablecoins,"Binance announced Wednesday that Abu Dhabi-based AI and tech investor MGX has put $2 billion into the company, paid in stablecoins.",https://decrypt.co/309666/binance-2b-investment-abu-dhabi-firm,2025-03-12T14:56:44Z
Forbes,"Thomas Brewster, Forbes Staff, 
 Thomas Brewster, Forbes Staff
 https://www.forbes.com/sites/thomasbrewster/",The Wiretap: A $60 Million Bitcoin Seizure Shows Cops Are Still Chasing Down Silk Road Dealers,Silk Road drug dealers have been sitting on millions in crypto for years.,https://www.forbes.com/sites/thomasbrewster/2025/03/12/the-wiretap-a-60-million-bitcoin-seizure-shows-cops-are-still-chasing-down-silk-road-dealers/,2025-03-12T14:48:15Z
Forbes,"Clem Chambers, Senior Contributor, 
 Clem Chambers, Senior Contributor
 https://www.forbes.com/sites/investor/people/clem/","Bitcoin Crash 2025, The Crypto Cycle Repeats: A Road Map","This is the third crypto cycle I’ve written about here on Forbes. So far, as you can verify, I’ve consistently been a bull at the bottom and a bear near the top.",https://www.forbes.com/sites/digital-assets/2025/03/12/bitcoin-crash-2025-the-crypto-cycle-repeats-a-road-map/,2025-03-12T14:39:56Z
ZyCrypto,Brenda Ngari,XRP Poised For Meteoric Moonshot As This Fund Giant Files SEC Paperwork To Launch Spot XRP ETF,"Franklin Templeton, a financial services company with $1.6 trillion of assets under management, has officially filed a registration statement with the U.S. Securities and Exchange Commission for a spot XRP exchange-traded fund (ETF). Franklin Templeton has be…",https://zycrypto.com/xrp-poised-for-meteoric-moonshot-as-this-fund-giant-files-sec-paperwork-to-launch-spot-xrp-etf/,2025-03-12T14:34:06Z
ZyCrypto,Troy Watson,"European Union Pushes Own Digital Currency, Fears American Dominance and Dollar-Backed Stablecoin",Pierre Gramegna stated on March 10 that Trump's recent endorsement of cryptos could present financial difficulties for the European Union.,https://zycrypto.com/european-union-pushes-own-digital-currency-fears-american-dominance-and-dollar-backed-stablecoin/,2025-03-12T14:27:12Z
Bitcoinist,Bitcoinist,"Senator Lummis’s Bitcoin Act Allows for a Reserve of 1M+ Bitcoin, Fueling Projects Like BTC Bull Token","Senator Lummis’s Bitcoin Act extends the Federal Reserve’s Bitcoin capacity to over 1M bitcoins. We mull over how this might affect the price of Bitcoin, and related coins like BTC Bull Token. The act touches upon several critical points, such as the establis…",https://bitcoinist.com/lummis-bitcoin-act-may-turn-btc-bull-token-bullish/,2025-03-12T14:19:10Z
CoinDesk,Oliver Knight,Bolivian State Energy Firm to Use Crypto to Pay for Imports: Reuters,YBFB hopes that using crypto will be a direct solution to the nation's shortage in U.S. dollars and foreign currency reserves.,https://www.coindesk.com/business/2025/03/12/bolivian-state-energy-firm-to-use-crypto-to-pay-for-imports-reuters,2025-03-12T14:18:53Z
newsBTC,Krishi Chowdhary,"Why Is Crypto Down Today, Best Crypto to Buy as Canada Tariffs Eased","Donald Trump has decided not to double tariffs on Canadian aluminum and steel, offering a sigh of relief to the US stock market. The decision to retract tariffs on Canadian metals came after Canada’s announcement that it wouldn’t go ahead with its plan of ret…",http://www.newsbtc.com/news/why-is-crypto-down-today-best-crypto-to-buy-as-canada-tariffs-eased/,2025-03-12T14:13:47Z
Biztoc.com,investors.com,"Is It Time To Short Bitcoin? Analyst Eyes Drop To $73,000","Cryptocurrency momentum has stalled. Analysts expect bitcoin to fall even lower as it faces a key moving average. Short BTC ETFs jump.
The post Is It Time To Short Bitcoin? Analyst Eyes Drop To $73,000. appeared first on Investor's Business Daily.",https://biztoc.com/x/fc457c557a6c0466,2025-03-12T14:12:31Z
Cointelegraph,Cointelegraph by Zoltan Vardai,Crypto whale liquidated for $308M in leveraged Ether trade,"A large cryptocurrency trader, known as a whale, lost more than $308 million on a leveraged Ether position, underscoring the risks of leveraged trading during volatile market conditions.The unknown crypto trader was liquidated on their 50x leveraged long posi…",https://cointelegraph.com/news/ether-trader-loses-308-m-50x-leverage-market-volatility,2025-03-12T13:57:59Z
Crooksandliars.com,NewsHound Ellen,Trump Wants Violence Against Tesla Charged As Domestic Terrorism,"While Donald Trump destroys the livelihoods of thousands of Americans and threatens the health and wellbeing of millions more, there’s one person he’s bending over backwards to protect: his illegal immigrant buddy and megadonor who is also the world’s richest…",https://crooksandliars.com/2025/03/trump-wants-violence-against-tesla-charged,2025-03-12T13:49:23Z
Coinjournal.net,Charles Thuo,Nasdaq-listed video-sharing platform Rumble invests $17.1M in Bitcoin (BTC),"Rumble bought 188 Bitcoin (BTC) for $17.1M, nearing its $20M goal. Rumble’s CEO sees BTC as an inflation hedge and crypto tie-in. Future Rumble BTC purchases depend on market and cash flow conditions. Rumble, a Nasdaq-listed video-sharing platform and cloud s…",https://coinjournal.net/news/nasdaq-listed-video-sharing-platform-rumble-invests-17-1m-in-bitcoin-btc/,2025-03-12T13:47:56Z
CoinDesk,Francisco Rodrigues,Bank of Russia Proposes Crypto Investment Pilot for High-Net-Worth Investors,The central banks aims to establish standards for crypto-related services and increase market transparency while expanding investment opportunities for wealthy investors.,https://www.coindesk.com/policy/2025/03/12/bank-of-russia-proposes-limited-crypto-investment-pilot-for-high-net-worth-investors,2025-03-12T13:45:02Z
Cointelegraph,Cointelegraph by Arunkumar Krishnakumar,US Bitcoin reserve vs. gold and oil reserves: How do they compare?,"US reserves status quo: Gold, oil and the emerging role of Bitcoin 
The US government has long relied on gold and oil as reserve assets, but with the growing institutional adoption of Bitcoin (BTC), its potential role as a strategic reserve has increased sub…",https://cointelegraph.com/explained/us-bitcoin-reserve-vs-gold-and-oil-reserves-how-do-they-compare,2025-03-12T13:40:00Z
Yahoo Entertainment,Reuters,"Bolivia turns to crypto for energy imports amid dollar, fuel shortages",Bolivia's state energy firm YPFB will use cryptocurrency to pay for energy imports amid a painful shortage of dollars and fuel in the landlocked South...,https://finance.yahoo.com/news/bolivia-turns-crypto-energy-imports-132947930.html,2025-03-12T13:29:47Z
CNA,,"Bolivia turns to crypto for energy imports amid dollar, fuel shortages","LA PAZ : Bolivia's state energy firm YPFB will use cryptocurrency to pay for energy imports amid a painful shortage of dollars and fuel in the landlocked South American nation, a company spokesperson and a government official told Reuters on Wednesday.The cou…",https://www.channelnewsasia.com/business/bolivia-turns-crypto-energy-imports-amid-dollar-fuel-shortages-4996001,2025-03-12T13:29:47Z
RT,RT,Russian man arrested for funding pro-Kiev terrorists with crypto – FSB,"The suspect has been charged with treason, the agency has said

  Read Full Article at RT.com",https://www.rt.com/russia/614068-fsb-arrest-treason/,2025-03-12T13:17:19Z
GlobeNewswire,Research and Markets,United States Gift and Incentive Card Market Report 2025: Gyft and Prezzee Enter the Market with Unique Digital Gift Card Solutions,"The U.S. gift card market is set to grow 7.9% in 2025, reaching $234.14 billion, with digital gift cards driving demand. The market, which saw a CAGR of 8.7% from 2020-2024, is expected to continue expanding at 7.0% CAGR through 2029, reaching $307.24 billion…",https://www.globenewswire.com/news-release/2025/03/12/3041432/28124/en/United-States-Gift-and-Incentive-Card-Market-Report-2025-Gyft-and-Prezzee-Enter-the-Market-with-Unique-Digital-Gift-Card-Solutions.html,2025-03-12T13:14:00Z
Pypi.org,igor.kroitor@gmail.com,ccxt 4.4.67,A JavaScript / TypeScript / Python / C# / PHP cryptocurrency trading library with support for 100+ exchanges,https://pypi.org/project/ccxt/4.4.67/,2025-03-12T13:11:57Z
Bitcoinist,Bitcoinist,"The 3 Best Meme Coins To Invest In As Metaplanet Buys 162 Bitcoins, Boosting Its Portfolio","When cryptocurrencies dip in value, do companies keep their heads down and ride out the storm? Recent investments seem to prove this isn’t the case. Metaplanet becomes the latest company to take advantage of the lower Bitcoin price. They’ve boosted their Bitc…",https://bitcoinist.com/best-meme-coins-metaplanet-buys-162-bitcoin/,2025-03-12T13:05:19Z
KQED,Guy Marzorati,Porter Enters Crowded Field for California Governor as Kamala Harris Weighs Run,Katie Porter promises “fresh blood and new ideas” in 2026 race to succeed Gov. Gavin Newsom.,https://www.kqed.org/news/12030744/porter-enters-crowded-field-for-california-governor-as-kamala-harris-weighs-run,2025-03-12T13:00:31Z
Cointelegraph,Cointelegraph by Zoltan Vardai,Bitcoin’s next catalyst: End of $36T US debt ceiling suspension,"Bitcoin’s next significant price catalyst may arrive this Friday as the United States debt suspension period comes to an end, potentially injecting fresh liquidity into markets and driving a price rebound.The US Treasury hit its $36 trillion debt ceiling a da…",https://cointelegraph.com/news/bitcoin-catalyst-end-of-36-t-us-debt-ceiling-suspension,2025-03-12T12:56:39Z
Cointelegraph,Cointelegraph by Helen Partz,Bank of Russia proposes to allow crypto purchases for select investors,"The Russian central bank is considering a new experimental regime to legally authorize select Russian investors to trade cryptocurrencies.On March 12, the Bank of Russia announced a proposal to allow a “limited circle of Russian investors” to buy and sell cry…",https://cointelegraph.com/news/bank-of-russia-proposes-to-allow-limited-crypto-investments,2025-03-12T12:51:30Z
GlobeNewswire,MEXC,MEXC Ventures Invests $36 Million in Ethena & USDE to Accelerate Stablecoin Innovation and Mass Adoption of Cryptocurrency,"VICTORIA, Seychelles, March 12, 2025 (GLOBE NEWSWIRE) -- MEXC Ventures, the investment arm of the global cryptocurrency exchange MEXC, has made a strategic investment of $16 million in Ethena, a leading innovator in the stablecoin space. In addition to this i…",https://www.globenewswire.com/news-release/2025/03/12/3041374/0/en/MEXC-Ventures-Invests-36-Million-in-Ethena-USDE-to-Accelerate-Stablecoin-Innovation-and-Mass-Adoption-of-Cryptocurrency.html,2025-03-12T12:34:00Z
newsBTC,Christian Encila,XRP Cycle Top Forecast—Analyst Pinpoints The Timeline,"A prominent analyst in the cryptocurrency community once again gave his insight on the price trajectory of XRP this year, noting that the altcoin is ripe for a massive uptick in its price in the next few months. Egrag Crypto provided an analysis of a potentia…",http://www.newsbtc.com/altcoin/xrp-cycle-top-forecast-analyst-pinpoints-the-timeline/,2025-03-12T12:30:26Z
Coinjournal.net,Benson Toti,Pi Network price pumps 20% in 24 hours: Why is PI surging?,"Pi Network (PI)’s is up +20% in the last 24 hours, hitting highs of $1.74. While PI price remains 44% off its peak of $2.99, buyers may push the token higher. Potential catalysts and which could catapult PI up include upcoming Pi Day and possible Binance list…",https://coinjournal.net/news/pi-network-price-pumps-20-in-24-hours-why-is-pi-surging/,2025-03-12T12:24:18Z
The Times of India,PTI,"Intel agency pins 'suspicion' of crypto being used for terror financing, drugs trafficking in India","A federal financial intelligence unit in India suspects that cryptocurrency is being used for serious criminal activities such as terrorist financing, cybercrime, and narcotics trafficking. They shared their findings with relevant law enforcement agencies, wh…",https://economictimes.indiatimes.com/news/india/intel-agency-pins-suspicion-of-crypto-being-used-for-terror-financing-drugs-trafficking-in-india/articleshow/118935950.cms,2025-03-12T12:19:01Z
Forbes,"Gene A. Grant II, Contributor, 
 Gene A. Grant II, Contributor
 https://www.forbes.com/sites/genegrant/",Banks In The USA Should Be Permitted To Own Cryptocurrency,"Banks need to enter the market. Regulatory uncertainty, concerns over volatility, and the perceived risks associated with digital assets have kept banks on the sidelines.",https://www.forbes.com/sites/digital-assets/2025/03/12/banks-in-the-usa-should-be-permitted-to-own-cryptocurrency/,2025-03-12T12:15:00Z
GlobeNewswire,Bybit Fintech FZE,Bybit Introduces USDe Minting and Redemption on On-Chain Earn,"DUBAI, United Arab Emirates, March 12, 2025 (GLOBE NEWSWIRE) -- Bybit
, the world’s second-largest cryptocurrency exchange by trading volume, has announced a groundbreaking enhancement to its On-Chain Earn
 product. Since recently, users can now seamlessly …",https://www.globenewswire.com/news-release/2025/03/12/3041329/0/en/Bybit-Introduces-USDe-Minting-and-Redemption-on-On-Chain-Earn.html,2025-03-12T12:09:00Z
Bitcoinist,Keshav Verma,XRP & Solana See 60-Day Volatility Break 100%: How Do Bitcoin & Dogecoin Compare?,"Data shows XRP and Solana have seen their Realized Volatility spike up after the sharp price action. Here’s how Bitcoin and other coins compare. Assets Across Crypto Have Seen An Increase In 60-Day Realized Volatility In a new post on X, the analytics firm Ka…",https://bitcoinist.com/xrp-sol-60d-volatility-breaks-100-btc-doge-stack/,2025-03-12T12:00:45Z
GlobeNewswire,PyroWorld,"PyroWorld: The Next Evolution in Hybrid Crypto Exchange – Licensed, Secure, and Expanding with AI & OTC Solutions","PyroWorld is preparing for MiCA compliance, reinforcing its position as a trusted European hybrid exchange. PyroWorld is preparing for MiCA compliance, reinforcing its position as a trusted European hybrid exchange.",https://www.globenewswire.com/news-release/2025/03/12/3041282/0/en/PyroWorld-The-Next-Evolution-in-Hybrid-Crypto-Exchange-Licensed-Secure-and-Expanding-with-AI-OTC-Solutions.html,2025-03-12T11:49:00Z
Coinjournal.net,Benson Toti,MEXC Launches March Futures Competition with Prize Pool of Up to 8 Million USDT,"Seychelles, March 12, 2025 – MEXC, a leading global cryptocurrency exchange, announces the upcoming launch of its March Futures Trading Competition. Set to run from March 13 to March 26, 2025, the competition features a prize pool of up to 8,000,000 USDT, off…",https://coinjournal.net/news/mexc-launches-march-futures-competition-with-prize-pool-of-up-to-8-million-usdt/,2025-03-12T11:34:06Z
Cointelegraph,Cointelegraph by Zoltan Vardai,EU retaliatory tariffs threaten Bitcoin correction to $75K — Analysts,"The European Union’s latest retaliatory tariffs have deepened macroeconomic uncertainty, prompting crypto analysts to forecast increased volatility for Bitcoin prices, which may drop below the critical $75,000 support level.The EU will impose counter-tariffs …",https://cointelegraph.com/news/eu-retaliatory-tariffs-bitcoin-price-uncertainty-trade-tensions,2025-03-12T11:27:16Z
GlobeNewswire,Bybit Fintech FZE,Bybit Expands P2P Trading with Incentives Amid Growing Demand for Crypto Accessibility,"DUBAI, United Arab Emirates, March 12, 2025 (GLOBE NEWSWIRE) -- Bybit
, the world’s second-largest cryptocurrency exchange by trading volume, is enhancing its peer-to-peer (P2P) trading ecosystem with new initiatives designed to attract merchants and experie…",https://www.globenewswire.com/news-release/2025/03/12/3041250/0/en/Bybit-Expands-P2P-Trading-with-Incentives-Amid-Growing-Demand-for-Crypto-Accessibility.html,2025-03-12T11:20:00Z
Biztoc.com,benzinga.com,US Crypto Users Missed Receiving Over $2.5 Billion In Airdrops Due To Geoblocking: Report,"Geoblocking policies in cryptocurrency airdrops may have cost Americans up to $2.6 billion in potential earnings from 2020 to 2024, a report released Monday revealed.
What Happened: Dragonfly, a cryptocurrency-focused venture capital firm, published a report …",https://biztoc.com/x/2c1dcfce6f1e0b13,2025-03-12T11:11:27Z
International Business Times,Marvie Basilan,Stablecoins Will Benefit The US Financial System: House Republicans,"Stablecoins were at center of a House Financial Services Committee hearing Tuesday, wherein House Republicans highlighted the benefits of such coins to the broader financial system.",https://www.ibtimes.com/stablecoins-will-benefit-us-financial-system-house-republicans-3766030,2025-03-12T11:10:01Z
Coinjournal.net,Benson Toti,HC Davos ice stadium officially becomes zondacrypto Arena,"zondacrypto enters the Swiss market with a strong impact, expanding its sports sponsorship portfolio to a new discipline – ice hockey. The leading cryptocurrency exchange in Central and Eastern Europe has become a partner of HC Davos, the 31-time Swiss champi…",https://coinjournal.net/news/hc-davos-ice-stadium-officially-becomes-zondacrypto-arena/,2025-03-12T11:09:51Z
Ambcrypto.com,Ishika Kumari,Franklin Templeton files for XRP ETF – Odds raise for other altcoins,"With 17 XRP ETF filings and counting, a regulatory green light may be closer than expected.",https://ambcrypto.com/franklin-templeton-files-for-xrp-etf-odds-raise-for-other-altcoins/,2025-03-12T11:00:47Z
newsBTC,Rubmar Garcia,"Ethereum Risks Another 15% Correction After Fall Below $2,000 – What’s Next For ETH?","Ethereum (ETH) has revisited yearly lows after losing the key $2,000 support, registering its worst performance in years. Some analysts forecasted another 15% drop if the trend continues but suggested that ETH could see a bullish end-of-year. Related Reading:…",http://www.newsbtc.com/news/ethereum-risks-another-15-correction-after-fall-below-2000-whats-next-for-eth/,2025-03-12T11:00:46Z
CNET,Danni Santana,PSA: Procrastinating Your Taxes Can Make Filing More Expensive. Here's Why,"Waiting until the IRS deadline to file taxes can be costly, especially for freelancers and filers looking to itemize expenses.",https://www.cnet.com/personal-finance/taxes/psa-procrastinating-your-taxes-can-make-filing-more-expensive-heres-why/,2025-03-12T11:00:00Z
CoinDesk,Francisco Rodrigues,"Mercado Bitcoin, Polygon Labs Look to Issue $200M Worth of Tokenized Assets in Latin America",The collaboration aims to expand access to tokenized private credit and other real-world assets in the region.,https://www.coindesk.com/markets/2025/03/12/mercado-bitcoin-polygon-labs-look-to-issue-usd200m-worth-of-tokenized-assets-in-latin-america,2025-03-12T11:00:00Z
MediaNama.com,Chaitanya Kohli,Coinbase Secures FIU-IND Approval Amid India’s Evolving Crypto Policies,"Coinbase has registered with FIU-IND, marking its return to India’s crypto market.
The post Coinbase Secures FIU-IND Approval Amid India’s Evolving Crypto Policies appeared first on MEDIANAMA.",https://www.medianama.com/2025/03/223-coinbase-secures-fiu-ind-approval-amid-indias-evolving-crypto-policies/,2025-03-12T10:55:54Z
The Times of India,PTI,WazirX partners BitGo Trust Company to improve fund security,Troubled Indian cryptocurrency exchange WazirX has partnered with BitGo Trust Company -- a regulated digital asset custodian and infrastructure provider -- to improve security of funds on its platform and rebuild user trust.,https://economictimes.indiatimes.com/markets/cryptocurrency/wazirx-partners-bitgo-trust-company-to-improve-fund-security/articleshow/118931978.cms,2025-03-12T10:41:22Z
GlobeNewswire,Bitdeer Technologies Group,Bitdeer Announces February 2025 Production and Operations Update,"- SEAL03 sample wafers achieved a power efficiency of 9.7 J/TH at the chip level during chip verification and prototype testing while running at low voltage, ultra power-saving mode- Anticipate SEALMINER A3 mass production to commence in the latter half of 20…",https://www.globenewswire.com/news-release/2025/03/12/3041202/0/en/Bitdeer-Announces-February-2025-Production-and-Operations-Update.html,2025-03-12T10:30:00Z
Biztoc.com,latimes.com,Contributor: Why the Trump administration is easing up on crypto crime at exactly the wrong moment,"The Securities and Exchange Commission is scaling back its cryptocurrency enforcement unit. Why does this matter? Because crime pervades the crypto industry.
Just last month, a hacker stole about $1.5 billion from the crypto exchange Bybit in the biggest thef…",https://biztoc.com/x/93f7075b3ee9134b,2025-03-12T10:19:59Z
ETF Daily News,MarketBeat News,"Assetmark Inc. Has $908,000 Position in Coinbase Global, Inc. (NASDAQ:COIN)","Assetmark Inc. lifted its stake in Coinbase Global, Inc. (NASDAQ:COIN – Free Report) by 27.0% during the fourth quarter, according to its most recent disclosure with the Securities and Exchange Commission. The fund owned 3,657 shares of the cryptocurrency exc…",https://www.etfdailynews.com/2025/03/12/assetmark-inc-has-908000-position-in-coinbase-global-inc-nasdaqcoin/,2025-03-12T10:19:08Z
GlobeNewswire,MEXC,MEXC Launches March Futures Competition with Prize Pool of Up to 8 Million USDT,"VICTORIA, Seychelles, March 12, 2025 (GLOBE NEWSWIRE) -- MEXC, a leading global cryptocurrency exchange, announces the upcoming launch of its March Futures Trading Competition. Set to run from March 13 to March 26, 2025, the competition features a prize pool …",https://www.globenewswire.com/news-release/2025/03/12/3041189/0/en/MEXC-Launches-March-Futures-Competition-with-Prize-Pool-of-Up-to-8-Million-USDT.html,2025-03-12T10:00:00Z
Securityaffairs.com,Pierluigi Paganini,New Ballista Botnet spreads using TP-Link flaw. Is it an Italian job?,"The Ballista botnet is exploiting an unpatched TP-Link vulnerability, targeting over 6,000 Archer routers, Cato CTRL researchers warn. Cato CTRL researchers observed a new botnet, called Ballista botnet, which is exploiting a remote code execution (RCE) vulne…",https://securityaffairs.com/175278/malware/ballista-botnet-exploits-unpatched-tp-link-flaw.html,2025-03-12T09:51:40Z
GlobeNewswire,Thsyu CRYPTO GROUP LIMITED,THSYU Unveils Next-Generation Security: Redefining Trust in Crypto Trading,"THSYU announces quantum-resistant security and AI threat detection, solidfying the exchange as a leader in secure crypto trading.......",https://www.globenewswire.com/news-release/2025/03/12/3041180/0/en/THSYU-Unveils-Next-Generation-Security-Redefining-Trust-in-Crypto-Trading.html,2025-03-12T09:43:00Z
newsBTC,Keshav Verma,"Bitcoin Bear Market Is Below This Level, Analyst Reveals","An analyst has explained how a moving average (MA) that has historically served as the boundary for bear markets is situated at this level. Bitcoin 50-Week MA Is Currently At $75,195 In a new post on X, analyst James Van Straten has shared a couple of importa…",http://www.newsbtc.com/bitcoin-news/bitcoin-bear-market-level-analyst-reveals/,2025-03-12T09:30:43Z
LancasterOnline,CHAD UMBLE | Staff Writer,"From country roots to FBI raid: Friends baffled by Daryl Heller's fall, but don't question his business drive","Before he became notorious as the owner of an ATM investment network whose collapse has erased more than half a billion in investors' money, Daryl Heller was a Lancaster County Mennonite farm boy with a head for numbers and the…",https://lancasteronline.com/news/local/from-country-roots-to-fbi-raid-friends-baffled-by-daryl-hellers-fall-but-dont-question/article_85ba0a00-fde9-11ef-aaec-17349def75c5.html,2025-03-12T09:10:00Z
National Observer,Justin Fiacconi,B.C. wins case for power use limits by cryptocurrency miners,"The appeal court ruled that B.C. Hydro has the right to act in the public interest – in this case, to protect BC’s electricity supply and contain electricity prices for ratepayers.",https://www.nationalobserver.com/2025/03/11/news/bc-power-limits-cryptocurrency-mining-court-appeal,2025-03-12T09:09:07Z
Gadgets360.com,"Radhika Parashar, Siddharth Suvarna","Crypto Price Today: Bitcoin Hovers Near $80,000 as Market Volatility Continues, Altcoins Show Minor Gains","The overall crypto market cap rose by 2.09 percent over the last day. On Wednesday, March 12, Bitcoin and Ether reflected notable losses on national and international price charts. Altcoins like Dogecoin, Shiba Inu, and Chainlink saw minor gains as markets re…",https://www.gadgets360.com/cryptocurrency/news/bitcoin-price-today-usd-80000-ether-dogecoin-shiba-inu-profits-losses-7906956,2025-03-12T09:02:48Z
GlobeNewswire,Thsyu CRYPTO GROUP LIMITED,Thsyu Exchange: Ushering in a New Era of Crypto Trading with Innovative Solutions and Global Reach,"Thsyu Exchange launches, offering a secure, innovative, and user-friendly platform for cryptocurrency trading with global reach.......",https://www.globenewswire.com/news-release/2025/03/12/3041158/0/en/Thsyu-Exchange-Ushering-in-a-New-Era-of-Crypto-Trading-with-Innovative-Solutions-and-Global-Reach.html,2025-03-12T08:44:00Z
The Punch,Branded Content,Popular IG Comedian and Singer Carterefe Is SnappyExchange’s New Brand Ambassador,"SnappyExchange, Nigeria’s leading platform for buying and selling cryptocurrency and gift cards, has announced popular Instagram comedian and singer, Carterefe, also known as Machala The Great, as its new brand ambassador. This exciting partnership marks a ne…",https://punchng.com/popular-ig-comedian-and-singer-carterefe-is-snappyexchanges-new-brand-ambassador/,2025-03-12T08:29:02Z
Cointelegraph,Cointelegraph by Arijit Sarkar,"America must back pro-stablecoin laws, reject CBDCs — US Rep. Emmer","US Representative Tom Emmer argued for prioritizing pro-stablecoin legislation in a March 11 House Financial Services Committee hearing, while calling central bank digital currencies (CBDC) a threat to American values.On March 6, Emmer reintroduced the CBDC A…",https://cointelegraph.com/news/tom-emmer-pro-stablecoin-bill-cbdcs-un-american,2025-03-12T08:21:22Z
GlobeNewswire,21Shares,21Shares Announces Fee Reduction for Bitcoin Ethereum Core ETP ABBA and Xetra Cross-Listing,"ZURICH, 12 March 2025 – 21Shares AG (""21Shares""), one of the world's largest issuers of cryptocurrency exchange traded products (ETPs), is pleased to announce a significant fee reduction for the 21Shares Bitcoin Ethereum Core ETP (ABBA), alongside its listing…",https://www.globenewswire.com/news-release/2025/03/12/3041147/0/en/21Shares-Announces-Fee-Reduction-for-Bitcoin-Ethereum-Core-ETP-ABBA-and-Xetra-Cross-Listing.html,2025-03-12T08:00:00Z
Cointelegraph,Cointelegraph by,Nigeria’s crypto future: Striking a balance between innovation and regulation,"Opinion by: Mohammed Idris, Minister of Information of NigeriaNigeria has emerged as one of the most active and dynamic crypto markets in recent years. From bustling tech hubs in Lagos to grassroots communities in smaller cities, young Nigerians have turned t…",https://cointelegraph.com/news/nigeria-s-crypto-future,2025-03-12T08:00:00Z
GlobeNewswire,Mercurity Fintech Holding Inc.,Mercurity Fintech Holding Inc. Announces Strategic Engagement with BitGo for Institutional-Grade Custody Services,"New York, March 12, 2025 (GLOBE NEWSWIRE) -- Mercurity Fintech Holding Inc. (the “Company,” “we,” “us,” “our company,” or “MFH”) (Nasdaq: MFH), a digital fintech group, today announced a strategic engagement with BitGo, a recognized leader in institutional di…",https://www.globenewswire.com/news-release/2025/03/12/3041146/0/en/Mercurity-Fintech-Holding-Inc-Announces-Strategic-Engagement-with-BitGo-for-Institutional-Grade-Custody-Services.html,2025-03-12T08:00:00Z
newsBTC,Aayush Jindal,Cardano Struggles to Climb—ADA Faces Strong Hurdles Ahead,Cardano price started a fresh decline below the $0.75 zone. ADA is correcting some losses and might face resistance near the $0.750 level. ADA price started a recovery wave from the $0.650 zone. The price is trading below $0.750 and the 100-hourly simple movi…,http://www.newsbtc.com/analysis/ada/cardano-struggles-to-climb-0-75/,2025-03-12T07:58:38Z
ETF Daily News,MarketBeat News,"Victory Capital Management Inc. Has $17.86 Million Stake in Coinbase Global, Inc. (NASDAQ:COIN)","Victory Capital Management Inc. raised its position in shares of Coinbase Global, Inc. (NASDAQ:COIN) by 10.9% during the 4th quarter, Holdings Channel.com reports. The firm owned 71,933 shares of the cryptocurrency exchange’s stock after acquiring an addition…",https://www.etfdailynews.com/2025/03/12/victory-capital-management-inc-has-17-86-million-stake-in-coinbase-global-inc-nasdaqcoin/,2025-03-12T07:55:02Z
ETF Daily News,MarketBeat News,Cantor Fitzgerald Cuts HIVE Digital Technologies (NASDAQ:HIVE) Price Target to $8.00,"HIVE Digital Technologies (NASDAQ:HIVE – Free Report) had its target price trimmed by Cantor Fitzgerald from $10.00 to $8.00 in a research note released on Tuesday morning,Benzinga reports. The firm currently has an overweight rating on the stock. Several oth…",https://www.etfdailynews.com/2025/03/12/cantor-fitzgerald-cuts-hive-digital-technologies-nasdaqhive-price-target-to-8-00/,2025-03-12T07:28:50Z
Forbes,"Zak Doffman, Contributor, 
 Zak Doffman, Contributor
 https://www.forbes.com/sites/zakdoffman/",Google Play Store Warning—Do Not Download These Free Apps,Don’t make this stupidly simple mistake — here’s what to know.,https://www.forbes.com/sites/zakdoffman/2025/03/12/google-play-store-warning-do-not-download-these-free-apps/,2025-03-12T07:10:24Z
newsBTC,Aayush Jindal,XRP Price Eyes Upside Break—Can Bulls Push Through Resistance?,XRP price started a fresh recovery wave from the $1.90 zone. The price is now showing positive signs and might clear the $2.250 resistance zone. XRP price started a fresh decline from the $2.200 resistance zone. The price is now trading below $2.1850 and the …,http://www.newsbtc.com/analysis/xrp/xrp-price-eyes-upside-2-250/,2025-03-12T07:08:30Z
Biztoc.com,benzinga.com,"Melania Trump's Official Memecoin, Worth Over $13 Billion Barely Two Months Ago, Is Now Valued At $367 Million","Official Melania (CRYPTO: MELANIA) failed to reverse its downsides on Tuesday, even as the broader meme coin market staged a strong recovery.
What happened: The official cryptocurrency of First Lady Melania Trump fell over 4% in the last 24 hours, widening it…",https://biztoc.com/x/0374fd23dfd799ae,2025-03-12T07:01:07Z
ETF Daily News,MarketBeat News,Mizuho Has Lowered Expectations for Coinbase Global (NASDAQ:COIN) Stock Price,"Coinbase Global (NASDAQ:COIN) had its target price trimmed by Mizuho from $280.00 to $217.00 in a research note issued to investors on Tuesday morning,Benzinga reports. The firm currently has a neutral rating on the cryptocurrency exchange’s stock. Several ot…",https://www.etfdailynews.com/2025/03/12/mizuho-has-lowered-expectations-for-coinbase-global-nasdaqcoin-stock-price/,2025-03-12T06:58:43Z
Hurriyet Daily News,hurriyetdailynews.com,Honeymoon ends for Trump on US financial markets,The euphoria that Donald Trump's election triggered for financial markets seems to be a thing of the past as investors now fret over the prospect of the president's trade wars sparking a U.S. recession.,https://www.hurriyetdailynews.com/honeymoon-ends-for-trump-on-us-financial-markets-206795,2025-03-12T06:57:45Z
newsBTC,Ash Tiwari,"Bitcoin To Bottom Around $70,000? Arthur Hayes Says Correction ‘Very Normal’ In A Bull Market","According to crypto entrepreneur Arthur Hayes, Bitcoin (BTC) is likely to bottom around $70,000, marking a 36% correction from its latest all-time high (ATH) of $108,786. Hayes stated that such corrections are “very normal” in a bull market. Bitcoin To Dip Fu…",http://www.newsbtc.com/bitcoin-news/bitcoin-to-bottom-around-70000-arthur-hayes-says-correction-very-normal-in-a-bull-market/,2025-03-12T06:30:41Z
Luxuo.com,Sanjeeva Suresh,Greenline 45 Coupe Bought With Bitcoin,"Greenline Yachts seals its first full Bitcoin transaction, delivering a solar-powered 45 Coupe to a crypto-savvy owner.
The post Greenline 45 Coupe Bought With Bitcoin appeared first on LUXUO.",https://www.luxuo.com/motoring/yachting/greenline-45-coupe-bought-with-bitcoin.html,2025-03-12T06:30:00Z
ETF Daily News,MarketBeat News,Cellebrite DI (NASDAQ:CLBT) Receives Buy Rating from Needham & Company LLC,"Cellebrite DI (NASDAQ:CLBT – Get Free Report)‘s stock had its “buy” rating restated by equities researchers at Needham & Company LLC in a note issued to investors on Monday,Benzinga reports. They currently have a $28.00 target price on the stock. Needham & Co…",https://www.etfdailynews.com/2025/03/12/cellebrite-di-nasdaqclbt-receives-buy-rating-from-needham-company-llc-2/,2025-03-12T06:08:56Z
Cointelegraph,Cointelegraph by Ciaran Lyons,"Bitcoin high-entry buyers are driving sell pressure, price may ‘floor’ at $70K","Bitcoin buyers who purchased around when it hit a $109,000 all-time peak in January are now panic-selling as the cryptocurrency declines, says onchain analytics firm Glassnode, which isn’t ruling out that Bitcoin could slide to $70,000.Glassnode said in a Mar…",https://cointelegraph.com/news/bitcoin-high-entry-buyers-sell-pressure-btc-retrace-possible,2025-03-12T06:01:29Z
Bitcoinist,Keshav Verma,Bitcoin Bearish Signal: Miner Deposits To Exchanges Spike,"On-chain data shows that Bitcoin miner exchange inflows have shot up recently, something that could extend BTC’s price drawdown. Bitcoin Miner To Exchange Flow Metric Has Seen A Spike As pointed out by an analyst in a CryptoQuant Quicktake post, miners are up…",https://bitcoinist.com/bitcoin-bearish-miner-deposits-exchanges-spike/,2025-03-12T06:00:17Z
Naturalnews.com,Willow Tohi,Trumpâs BITCOIN GAMBIT: U.S. launches Strategic Bitcoin Reserve to cement crypto dominance,"President Donald Trump announced the creation of a Strategic Bitcoin Reserve on March 6, positioning the U.S. as a global leader in the digital asset economy. The reserve, housed within the U.S. Treasury, aims to consolidate and expand federal holdings of Bit…",https://www.naturalnews.com/2025-03-12-trump-launches-strategic-bitcoin-reserve-cement-crypto-dominance.html,2025-03-12T06:00:00Z
Naturalnews.com,Willow Tohi,"U.S. regulator greenlights banks for crypto activities, reversing 2021 restrictions","On March 7, the U.S. Office of the Comptroller of the Currency (OCC) announced that banks can now engage in cryptocurrency-related activities, reversing its 2021 policy that imposed stricter oversight. This marks a significant step toward mainstream adoption …",https://www.naturalnews.com/2025-03-12-us-regulator-greenlights-banks-for-crypto-activities.html,2025-03-12T06:00:00Z
International Business Times,Marvie Basilan,Franklin Templeton Files For $XRP ETF Amid SEC Delays On Crypto Applications,"Franklin Templeton has filed an S-1 form with the SEC to issue an $XRP ETF, on the same day Wall Street regulator delayed its decision on the filings for other cryptocurrency ETFs.",https://www.ibtimes.com/franklin-templeton-files-xrp-etf-amid-sec-delays-crypto-applications-3766015,2025-03-12T05:50:43Z
Biztoc.com,benzinga.com,"Dogecoin, XRP ETF Filings Delayed By SEC But Influential Analyst Says 'Relatively High' Odds Of Approval","The Securities and Exchange Commission delayed the approval of several cryptocurrency spot exchange-traded funds Tuesday, including Litecoin (CRYPTO: LTC), Solana (CRYPTO: SOL), XRP (CRYPTO: XRP), and Dogecoin (CRYPTO: DOGE).
What Happened: The regulator post…",https://biztoc.com/x/57011a9cb34ccacc,2025-03-12T05:20:40Z
newsBTC,Samuel Edyme,Bitcoin Struggles Below $82K While Coinbase Premium Rises—What’s Next?,"Bitcoin continues to face challenges in regaining upward momentum, with the cryptocurrency still trading below $82,000 as of today. The asset remains 25.1% below its all-time high of $109,000, recorded in January. Over the past 24 hours, BTC has seen an addit…",http://www.newsbtc.com/news/bitcoin-struggles-below-82k-while-coinbase-premium-rises-whats-next/,2025-03-12T05:00:44Z
Phandroid - News for Android,Phandroid Editors,Why is Crypto Crashing?,"The cryptocurrency market has experienced significant turbulence recently, with prices of major assets like Bitcoin, Ethereum, and others plummeting. This crash has left many investors, especially new traders, wondering: Why is crypto crashing? In this articl…",https://phandroid.com/2025/03/12/why-is-crypto-crashing/,2025-03-12T04:42:53Z
Bitcoinist,Jake Simmons,"Is Ethereum Foundation’s 30,000 ETH Really At Risk? Here’s The Truth","Ethereum (ETH), the second-largest cryptocurrency by market capitalization, has experienced renewed downward pressure amid a widespread market crash. After reaching a mid-December high of $4,107—still below its November 2021 all-time high of $4,868—ETH slippe…",https://bitcoinist.com/ethereum-foundation-30000-eth-at-risk-truth/,2025-03-12T04:30:38Z
Ozbargain.com.au,Jessie Ryder,"Trade $200 Worth of Any Cryptocurrency, Get Bonus 18 USDT (Limit 1,666 Claims) @ OKX (Activation Required)","Moving from OKXs worst campaign to one of its better ones.

McLaren F1 Team holds the title for the fastest pit stop, setting an incredible record of just 1.8 seconds. In a sport where every millisecond counts, their precision and strategy in the pit lane are…",https://www.ozbargain.com.au/node/897192,2025-03-12T04:27:28Z
GlobeNewswire,CoinEx,"CoinEx Wallet connected with Reown and their industry-leading WalletKit SDK, enhancing the dApp Access Experience","HONG KONG, March 12, 2025 (GLOBE NEWSWIRE) -- CoinEx, a leading global cryptocurrency exchange, is excited to announce that the CoinEx Wallet is now integrated with Reown’s WalletKit, having access to the WalletConnect via an integration with Reown’s WalletKi…",https://www.globenewswire.com/news-release/2025/03/12/3041104/0/en/CoinEx-Wallet-connected-with-Reown-and-their-industry-leading-WalletKit-SDK-enhancing-the-dApp-Access-Experience.html,2025-03-12T04:11:00Z
Americanthinker.com,,"Trump’s Digital Fort Knox: Bitcoin, the Dollar, and America’s Financial Future","President Donald Trump’s executive order of March 6, on the Establishment of a Strategic Bitcoin Reserve and a US Digital Asset Stockpile is not just a policy shift—it is a paradigm shift. In a single stroke, the White House has transform...",https://www.americanthinker.com/articles/2025/03/trump_s_digital_fort_knox_bitcoin_the_dollar_and_america_s_financial_future.html,2025-03-12T04:00:00Z
Bitcoinist,Christian Encila,US Treasury Targets Bitcoin And XRP Growth—Big Win For Crypto?,"David Sacks, the White House’s crypto czar, has disclosed the intentions of the Treasury Department to concentrate on increasing the value of Bitcoin, XRP, and other digital assets that the US government owns. This, after US President Donald Trump signed an e…",https://bitcoinist.com/us-treasury-targets-bitcoin-and-xrp-growth-big-win-for-crypto/,2025-03-12T03:00:27Z
The Times of India,ET Online,Pi Network cryptocurrency crashes 55%: Pi Coin price falls below $1.5 as KYC deadline looms—Can Binance listing help?,"Pi Coin has experienced sharp price swings, dropping over 55% from its all-time high as trading volumes shrink. With a critical KYC and migration deadline set for March 14, speculation is also mounting over a potential Binance listing. Market analysts suggest…",https://economictimes.indiatimes.com/news/new-updates/pi-network-cryptocurrency-crashes-55-pi-coin-price-falls-below-1-5-as-kyc-deadline-loomscan-binance-listing-help/articleshow/118913028.cms,2025-03-12T02:49:04Z
Biztoc.com,benzinga.com,"Bitcoin, Ethereum, Dogecoin Recover On Strategic Reserve Bill In Congress: Top Analyst Foresees BTC's 'Swift Move' To $88,000-$92,000 If This Happens","Leading cryptocurrencies bounced back Tuesday after a Strategic Bitcoin Reserve bill was tabled in the House of Representatives.
Cryptocurrency
Gains +/-
Price (Recorded at 8:45 p.m. ET)
Bitcoin (CRYPTO: BTC)
+7.69%
$82,733.64
Ethereum (CRYPTO: ETH) 
+5.57%
$…",https://biztoc.com/x/59e87a71dcf71c19,2025-03-12T02:21:05Z
Cointelegraph,Cointelegraph by Felix Ng,Senator Lummis’ new BITCOIN Act allows US reserve to exceed 1M Bitcoin,"US Senator Cynthia Lummis’ newly reintroduced BITCOIN Act will allow the government to potentially hold more than 1 million Bitcoin as part of its newly established reserve.The bill, first introduced in July, directs the US government to buy 200,000 Bitcoin (…",https://cointelegraph.com/news/senator-cynthia-lummis-new-bitcoin-act-one-million-btc,2025-03-12T02:07:40Z
