timestamp,text,retweets,likes
2025-03-13 15:26:18+00:00,"#CryptoPump游

Make 150-250% within MINUTES! 游늳

游꾸Learn more: https://t.co/XwqqY0kH9s

kfZr23dm @TWlateralthink @AhadWae @lokydog971 @__HIGHMINDED @Michael_Reedyy @CoEvent @AashurajSr @SZobeth @networkknight @Hadouken_Fire @Bloball_",0,0
2025-03-13 15:26:18+00:00,"#CryptoPump游

Make 200-300% within MINUTES! 游늳

游꾸Welcome: https://t.co/emFvO7A9IW

7LWioT3l @NeloangelloL @MarquitaMa29907 @WillPatton__ @SashaColebatch @j4v13r @warriorofJ @7bew8z4aa8z5r5a @Gravity_Goose @kalimurrell23 @AmadeusSoul @FUN23KENYA",0,0
2025-03-13 15:26:18+00:00,"#CryptoPump游

Make 150-300% within MINUTES! 游늳

游꾸Welcome: https://t.co/XwqqY0kH9s

T3ZjgUb5 @CoxWriterFiles @hokli_shahid @LizaGopie @laughter_heals @Chuksspring1 @flakez15 @naomiarredondo_ @alican16777 @thegrowthpb @RorySto67980215 @weber_zachery",0,0
2025-03-13 15:26:18+00:00,"#CryptoPump游

Make 150-250% within MINUTES! 游늳

游꾸Learn more: https://t.co/whSEhKLHp3

mYfJCSqa @AthmanAli74 @Annuboy5 @sorchaokeefe @Alabsi0Ala @NotCumdox @HunterC64831664 @oudhahbouhayah2 @lov3th3void @giuriani @minikolas @kknabanansza",0,0
2025-03-13 15:26:18+00:00,"#CryptoPump游

Make 150-300% within MINUTES! 游늳

游꾸Welcome: https://t.co/whSEhKLHp3

VoGgQ4l5 @Marian21Sebi @kagemawamwangi @cigognecedre @Brandon00151 @pascual__izza @anitstherprezz @vlifanv @atweetstorm @fmg77777 @SoumahKalifa @akam_joshu83742",0,0
2025-03-13 15:26:18+00:00,"#CryptoPump游

Make 150-250% within MINUTES! 游늳

游꾸Learn more: https://t.co/whSEhKLHp3

tTK9qCkX @Gajanan05614697 @BML_Indy2013 @ToriiLentz @GoodwillMokony1 @mtesta_ @AlAnoud2009 @eugenedavishair @AndrewAlle41036 @Charlezsimon1 @Samuel951145620 @harrymackie13",0,0
2025-03-13 15:26:18+00:00,"#CryptoPump游

Make 200-300% within MINUTES! 游늳

游꾸Welcome: https://t.co/uwjIawKvoh

HFZPa5kx @Millbauer @pclarke_97 @Jtyson15033511 @DynamicTechTeam @regimartinnez @156ft @StandStoneExpd @oreoohey @DrazerJhan @maddiecollinsss @pablo33293",0,0
2025-03-13 15:26:18+00:00,"#CryptoPump游

Make 150-250% within MINUTES! 游늳

游꾸Learn more: https://t.co/XwqqY0kH9s

23PWpef7 @larelekman @AllavoHyacinthe @GladysG87746318 @denizkirici @Deekshith6969 @abdounyassine26 @ElijahM50136296 @BasudebSana @tasawarali756 @madatthesun @BartScholtissen",0,0
2025-03-13 15:26:18+00:00,"#CryptoPump游

Make 200-300% within MINUTES! 游늳

游꾸Welcome: https://t.co/XwqqY0kH9s

ylJ2DPVS @zermux @ildomanhy @DecentMoose @cgprande @Aome285 @OEnenu8755 @alb_sala @AliAlsayoud @wolfebi72 @BasicallyAGod_ @HiraQuta",0,0
2025-03-13 15:26:18+00:00,"#CryptoPump游

Make 200-300% within MINUTES! 游늳

游꾸Welcome: https://t.co/emFvO7A9IW

EC83gJnY @pyterson157 @WendySrq0517 @sinnar_arisia @AlokDub88397916 @Virya53 @nevalaltuntas21 @brunnosm1 @KritsakornPak @rtomer2005 @edrey_91 @Gonzalo06412714",0,0
2025-03-13 15:26:18+00:00,"#CryptoPump游

Make 200-300% within MINUTES! 游늳

游꾸Welcome: https://t.co/uwjIawKvoh

T5Z20SNG @Payton527156395 @Derman_YAN @13_taniusha @BlowmanJames @aldrinpavias @FanboyAugur @AhirMpraveen @lore_bertu @william76718426 @whiteymcfly20 @TomoChanSakuara",0,0
2025-03-13 15:26:18+00:00,"#CryptoPump游

Make 200-300% within MINUTES! 游늳

游꾸Welcome: https://t.co/TmI7EZ9KrH

5HfJEy0U @KJ_070 @EricGentle2 @LaurentStencel @OhulaMulaudzi @rasathahamed2 @jlpenrodjr73 @silverlight0911 @_Lost_L22 @danae_neven @sara_e_baker @novaprintbfast",0,0
2025-03-13 15:26:18+00:00,"#CryptoPump游

Make 150-250% within MINUTES! 游늳

游꾸Learn more: https://t.co/GLCZYycQ7z

QV3yNuPB @haravind7 @AGFSERVICEL @sadie_mawson_x @alenaalisonarg @monaghan19s @F35KXnRAlAZWczo @carl28339370 @im__cp @katescaglayan @Christophe_Ccb @Janell46605229",0,0
2025-03-13 15:26:18+00:00,"#CryptoPump游

Make 150-250% within MINUTES! 游늳

游꾸Learn more: https://t.co/TmI7EZ9KrH

zRLTsKmB @EricNery2 @krisnaloa @FeryEduDavalos1 @OpuaruPrey37555 @Chubbydove @AylinAylins1 @crgio73 @M0hsen_22 @fadejose420zz @azfellajcrowley @angelj21",0,0
2025-03-13 15:26:18+00:00,"#CryptoPump游

Make 150-300% within MINUTES! 游늳

游꾸Welcome: https://t.co/TmI7EZ9KrH

krM7qhuG @hebuttrick @nikolov99631338 @gxnicide @_OhShuttUp @oylesinebiri48 @KairieNamara @pbyoungtwit @Asif_Arman3003 @Scarlette_1818 @KathyCarter1964 @GrayCochran1",0,0
2025-03-13 15:26:18+00:00,"#CryptoPump游

Make 150-250% within MINUTES! 游늳

游꾸Learn more: https://t.co/emFvO7A9IW

PX2afKWw @Erin67367372763 @basilieos @_shan12_ @julespintor @cnnkoo @adriaan_wijt @Rayxotic @Jacquel81842409 @guanyu739297039 @richardw77 @HardebayoA123",0,0
2025-03-13 15:26:18+00:00,"#CryptoPump游

Make 150-250% within MINUTES! 游늳

游꾸Learn more: https://t.co/whSEhKLHp3

D92nMYlx @SymarahM @federicoboidi @AghoghoGeg59400 @RoyOfGlass1 @odi_abel @jesiemamen @DrewBailey55 @SouthieSean @ThornCommander @FarisKhader_ @radiofriendlyrc",0,0
2025-03-13 15:26:18+00:00,"#CryptoPump游

Make 200-300% within MINUTES! 游늳

游꾸Welcome: https://t.co/whSEhKLHp3

JFhk0QNq @Aenninis @banninggg @dudaydupol09 @nicks398 @hobioutfit @shahin33336416 @davidalbercaman @DemilsonMa7898 @adsfabz08 @rio_hermawan09 @one4allcpr",0,0
2025-03-13 15:26:18+00:00,"#CryptoPump游

Make 150-300% within MINUTES! 游늳

游꾸Welcome: https://t.co/GLCZYycQ7z

S4jaFZ2w @devanath_mech @sawdust08517649 @Gilmarcito @pandapop4lyf @zeusin_it @hwmofobia @rohatiro_ @2srm9l0Dxd41xpe @HichamSur @TradeKeiyaksou @ashikctg28",0,0
2025-03-13 15:26:18+00:00,"#CryptoPump游

Make 150-250% within MINUTES! 游늳

游꾸Learn more: https://t.co/XwqqY0kH9s

sZNg4ry9 @ly3462525775151 @Jalimra54984930 @Susyfabio12 @chukwu_ebu78355 @NoorBureau @Namedsntmtr @JasonAlba973 @almondccake @anniep5626 @FeliciaTweeted @sumila762282186",0,0
2025-03-13 15:26:18+00:00,"#CryptoPump游

Make 200-300% within MINUTES! 游늳

游꾸Welcome: https://t.co/uwjIawKvoh

bmrP35KD @TheBlueV @JoelFloresD135 @deajuste @Mackamilli @YoungBlackMich1 @_evanwoody @AND3XD @MMonicaPerezLiz @ljnav84 @miranda_kookie @ValeryPardo14",0,0
2025-03-13 15:26:18+00:00,"#CryptoPump游

Make 200-300% within MINUTES! 游늳

游꾸Welcome: https://t.co/emFvO7A9IW

XuGs5BgA @alchemistzsz @krzysztofmovie @ThemGirls5 @AmongusDababy19 @iam_divine015 @_junior_kaye @JakubBarton @Hiroshitamatama @sungurm @spadaro68 @ibrahim0ktay",0,0
2025-03-13 15:26:18+00:00,"#CryptoPump游

Make 150-300% within MINUTES! 游늳

游꾸Welcome: https://t.co/whSEhKLHp3

n9Yg2WbA @Ella1428869 @Wendel__Alcanta @90YYlq2FycfSwa8 @DevaughnB3 @Pravink84611142 @GohilRaj695442 @Costa32Celio @LucyHawkinsILY @Josey_Rosss @a_n_naeem @RachleenIsBae",0,0
2025-03-13 15:26:18+00:00,"#CryptoPump游

Make 200-300% within MINUTES! 游늳

游꾸Welcome: https://t.co/XwqqY0kH9s

XZ9uI5lc @axinyang12579 @Mduduzi84276023 @greerson_MCfall @nonvegcutlet @remfied @Parojasca7 @Mohamma12805570 @jojo_berry31 @Alexst0rm01 @Ashley2Ashes85 @Adddiema3",0,0
2025-03-13 15:26:18+00:00,"#CryptoPump游

Make 150-250% within MINUTES! 游늳

游꾸Learn more: https://t.co/emFvO7A9IW

Osx4I5We @McLovin0163 @MDKaziRony2 @dempsey_boyz @OneMurda @BodyRockin @VatosLocos035 @_pblack @Peter60293156 @luna_kissess @ElenaSh18000185 @AhonenWalker",0,0
2025-03-13 15:26:18+00:00,"#CryptoPump游

Make 200-300% within MINUTES! 游늳

游꾸Welcome: https://t.co/whSEhKLHp3

lS3bY2EC @terot532731 @DrEGGM4N @pinotlia @Mywatchtv1 @ludemperor @cluedo738 @her_rich_man @znraz18411345 @AZFAR12199526 @thala_chandran @IsmailA24853347",0,0
2025-03-13 15:26:18+00:00,"#CryptoPump游

Make 150-300% within MINUTES! 游늳

游꾸Welcome: https://t.co/emFvO7A9IW

OcoHYglG @yakincann @laddcat @KL0T @VildeDesign @PilkertonB317 @Oq_3 @GrassvaleFarms @pnzh14171279 @GabyAugustopena @CastroPj91 @filozofdentist",0,0
2025-03-13 15:26:18+00:00,"#CryptoPump游

Make 200-300% within MINUTES! 游늳

游꾸Welcome: https://t.co/uwjIawKvoh

sgdr8Q2q @syafnursyafril @DiRnE_97 @chollyjum @BansMVO29 @andrielgomesde @ONLYMEUC @Fernand25464735 @anhkhoa_n23 @HxH343 @snehachandak24 @AanjanaBhi",0,0
2025-03-13 15:26:18+00:00,"#CryptoPump游

Make 150-250% within MINUTES! 游늳

游꾸Learn more: https://t.co/uwjIawKvoh

cHWGAIKn @juh_soul @james_icc @hutchison_g2 @mnblueray @koli18_pratik @GonzaloCanete @allen_quiroz @_briangraham13 @real_rocaveli @nuvolroig69 @selsadila91",0,0
2025-03-13 15:26:18+00:00,"#CryptoPump游

Make 150-300% within MINUTES! 游늳

游꾸Welcome: https://t.co/TmI7EZ9KrH

7Xe62D3x @SsMajuu @vanessaromann @remco_v_eldik @RicardoPaqOli @campillooo @Jheat008 @DavidPenyaCom @drmertmeric @leslie_coombs @TVeni99 @Abdulla92956327",0,0
2025-03-13 15:26:18+00:00,"#CryptoPump游

Make 200-300% within MINUTES! 游늳

游꾸Welcome: https://t.co/TmI7EZ9KrH

dbREzfCN @Eaprime99 @datiotituh49958 @wildlittleroses @Marcmuch @NoumanA83085280 @YaqoobK57718342 @AnameMae @OttomaticWriter @lorenhaleslove @nadowd28 @rob_van_hout",0,0
2025-03-13 15:26:18+00:00,"#CryptoPump游

Make 200-300% within MINUTES! 游늳

游꾸Welcome: https://t.co/emFvO7A9IW

4pCDWnhx @GastonEubanks @noodleking56 @al0riel @opennessxyz @polidinos @lo_jhay1 @guigafontoura @IAmRC1 @qntnzxv683 @Mehmet34969271 @bluecoherent",0,0
2025-03-13 15:26:18+00:00,"#CryptoPump游

Make 200-300% within MINUTES! 游늳

游꾸Welcome: https://t.co/emFvO7A9IW

d36Iks8F @GenzLydia @dube_steve @ECAlarmsUK @Monsomniac @kathood1 @warnocker74 @w0nder5 @SamuSanta_ @bosco_misago @TonyNewton1 @sara_vitagliano",0,0
2025-03-13 15:26:18+00:00,"#CryptoPump游

Make 150-300% within MINUTES! 游늳

游꾸Welcome: https://t.co/TmI7EZ9KrH

0vr3U6kb @giuseppedamb @stormmbreakerrr @mungai507 @grenfanny @RogerBinder2 @rebeka25005 @19sbright @YoutubeMoney11 @bri_carderr @yangruowan @AlvesGiffoni",0,0
2025-03-13 15:26:18+00:00,"#CryptoPump游

Make 150-250% within MINUTES! 游늳

游꾸Learn more: https://t.co/7guvU6e8BI

wxa0joiE @_RC3_1 @WGahnem @yayosolares @CREATIVITYCOMMC @SaidAngulo4 @MichaelTLMiller @RizzaAcademia @Leerzleit @TraditionalBank @SquareEnix2010 @alife9119",0,0
2025-03-13 15:26:18+00:00,"#CryptoPump游

Make 150-300% within MINUTES! 游늳

游꾸Welcome: https://t.co/emFvO7A9IW

51nKLhIE @iamrealaditya @ceciliajoga @cristianojean1 @jkevinmil @RayyyCSGO @itsconnortp @z_zulaa31 @kptk0403tm @Sea_Jayyyyy @OyedejiPrincess @dhruv59956503",0,0
2025-03-13 15:26:18+00:00,"#CryptoPump游

Make 200-300% within MINUTES! 游늳

游꾸Welcome: https://t.co/uwjIawKvoh

pBSbsJQH @flo1860hoize @Art1cAvenger @xysoweird @SirHoratio @jonners @scripture_says @CaraLeighBieber @atoke_akewi @tinaa253 @madalmad20 @QuotesSaLife",0,0
2025-03-13 15:26:18+00:00,"#CryptoPump游

Make 150-250% within MINUTES! 游늳

游꾸Learn more: https://t.co/uwjIawKvoh

41lVFirR @FreudBot @BoydSimz1 @Shannon22979218 @tokyoane @Ahmed17it @waqas_citycar @JmccurlJoe @AmericanExpress @Deden_Dadan6 @sainiviv @Josh4peace",0,0
2025-03-13 15:26:18+00:00,"#CryptoPump游

Make 200-300% within MINUTES! 游늳

游꾸Welcome: https://t.co/uwjIawKvoh

xberYavo @da_notoiorus69 @salahkhouiel @ThatHarryP @CNyonda @sawwahmel @MariaRa72521576 @SmileKanitta @jeyycohbbb @Burak86297701 @WestJamestown @Cassmusic2",0,0
2025-03-13 15:26:18+00:00,"#CryptoPump游

Make 150-250% within MINUTES! 游늳

游꾸Learn more: https://t.co/TmI7EZ9KrH

f6KTqOZE @moncadaluisd @yahyarizkid @escobarxv7_ @NancyPeay @h_konno_1987 @UbirajaraVas @zaibsiddiqui @xaviermorell2 @IwanIkhwanudin4 @bigrigradio @phl061296",0,0
2025-03-13 15:26:18+00:00,"#CryptoPump游

Make 150-300% within MINUTES! 游늳

游꾸Welcome: https://t.co/emFvO7A9IW

kFvJwYUp @Hammed973 @TwNehir @NandySudipta @Kevin_Jones17 @Lele82117212660 @bdllhlmnwr62336 @natashaharvz @Holmesj09 @johnnymiff66 @smelone213 @Dangutc",0,0
2025-03-13 15:26:18+00:00,"#CryptoPump游

Make 200-300% within MINUTES! 游늳

游꾸Welcome: https://t.co/TmI7EZ9KrH

ELrp894m @syabul_ @michael76627702 @zhals93 @0say_cheese @chentianha89933 @panda20483 @shandoesugc @KeckMedsGuilty @Amal60354264 @Salty2kdog @Gyananjali25776",0,0
2025-03-13 15:26:18+00:00,"#CryptoPump游

Make 150-250% within MINUTES! 游늳

游꾸Learn more: https://t.co/emFvO7A9IW

g0qjcxBZ @Lela60417430 @Rumian @amaiiranygp @JessicaLeoniFox @P77004939Andres @gnspokhrel @MoostGaming @janderson166 @hitchedbyconnie @JubieDoobie @EdStewa04258620",0,0
2025-03-13 15:26:18+00:00,"#CryptoPump游

Make 200-300% within MINUTES! 游늳

游꾸Welcome: https://t.co/emFvO7A9IW

BmzhJ1UM @Oluwapelum2662 @edna_alex @tayoakintunde @Jackson68122447 @WvjPnUABFxl9Hgs @KhensaniJeanet1 @osmadc @Nosaqueo @Crit_Chen @TizianoFilomena @FrenchPapitas",0,0
2025-03-13 15:26:18+00:00,"#CryptoPump游

Make 150-250% within MINUTES! 游늳

游꾸Learn more: https://t.co/uwjIawKvoh

L2cBn0YS @Birdman_198319 @dreamieesgurl @Giacomomessana2 @RexBrow77349315 @Chargers80866 @AborigenMov @walton177 @smbukhita4 @KaziFaiza479294 @jessywinterbonn @G_TheThickest",0,0
2025-03-13 15:26:18+00:00,"#CryptoPump游

Make 200-300% within MINUTES! 游늳

游꾸Welcome: https://t.co/7guvU6e8BI

B5yM9uD0 @Macho_lz @MarksQhumi @artisticretard @JoanneJohnso @MuidurRahman3 @MarmoStucco @brian_shayo @DavidCastel @inconsisten0827 @Laxene_04 @shahzebk10",0,0
2025-03-13 15:26:18+00:00,"#CryptoPump游

Make 150-250% within MINUTES! 游늳

游꾸Learn more: https://t.co/emFvO7A9IW

bEGdHk1v @ghstjr1272 @dypaloh @AnnelieseNewso3 @tuananhpham8889 @TheRealSharkii @REDMARK526 @EmanuelKf139369 @ThePREZA @Panchayathaan @UMMC_Cancer @bug_8008",0,0
2025-03-13 15:26:18+00:00,"#CryptoPump游

Make 150-250% within MINUTES! 游늳

游꾸Learn more: https://t.co/7guvU6e8BI

q5BeXO1M @yotasli @EricaScorch @stormysky74 @lanne86 @adakwan78 @_joanna2 @KeepingHerName @bubbles18989 @hahahahaizzme @JimmyRitchie19 @lindstarks",0,0
2025-03-13 15:26:18+00:00,"#CryptoPump游

Make 150-250% within MINUTES! 游늳

游꾸Learn more: https://t.co/TmI7EZ9KrH

A7bYy03T @Kiwimommy3 @Alexzandermatt @RVTechC @AyahuascaTalks @Joshrwsix @mitzikristabel @MySunkissed64 @dec_muhammad @edvard112pc @EthXWhite @IAemperador",0,0
2025-03-13 15:26:18+00:00,"#CryptoPump游

Make 150-300% within MINUTES! 游늳

游꾸Welcome: https://t.co/7guvU6e8BI

plEauGJ3 @ahmtbrdk @pussylord43 @BlumRicardo @AgoristReaction @Mayra47549845 @aurora12_19 @UL2L54ZIrWMAC94 @magno_basilio @2675164772Verma @glasvezel_info @AmeenALIraqii",0,0
2025-03-13 15:26:18+00:00,"#CryptoPump游

Make 150-300% within MINUTES! 游늳

游꾸Welcome: https://t.co/emFvO7A9IW

kB3dHDTU @dailyosmosis @Metaverse_Squad @MargotYazz3495 @AlbertNgetich16 @kh_a11e @fakooluwafemi @Kampnagel @matthewdude711 @Factz2013 @omasia @abdul_anshar",0,0
2025-03-13 15:26:18+00:00,"#CryptoPump游

Make 150-250% within MINUTES! 游늳

游꾸Learn more: https://t.co/uwjIawKvoh

KwJWLIcl @kanemochimic @bo_jackhorseman @RippitClin25547 @mrherdy2 @OcelotYa @MirceaA21829316 @AGUENZ @MohdSaifali09 @HabsEOTP @BaderSidi @FonJerome",0,0
2025-03-13 15:26:18+00:00,"#CryptoPump游

Make 150-300% within MINUTES! 游늳

游꾸Welcome: https://t.co/uwjIawKvoh

fmteXkTg @BoyDuddus @SamuelT_Murray @SaktiKari76 @hosong9 @fionajsimpson @alishashearer_x @pownyon @eberces423 @bielepriscila9 @NcomputingAfriq @JuliArsih4",0,0
2025-03-13 15:26:18+00:00,"#CryptoPump游

Make 150-250% within MINUTES! 游늳

游꾸Learn more: https://t.co/7guvU6e8BI

JGIB4Vrq @S_boogi12 @Almaa_Varela @VidaconIA @mwqarar @somebirdidk @BrianFerrera3 @janniekebrandss @orangesherbert @Maryam102023 @tarun178 @huptoncevans",0,0
2025-03-13 15:26:18+00:00,"#CryptoPump游

Make 150-250% within MINUTES! 游늳

游꾸Learn more: https://t.co/7guvU6e8BI

sozNbShn @Deejay_Rafinha @AbdulRahman4748 @oroz_anton @cgyamato_atushi @JVFxp06 @DustinGK @louie_infl @mahdifatehi4 @mh0Y2c7dEL44983 @DrTribhuwanSin9 @twoboiii",0,0
2025-03-13 15:26:18+00:00,"#CryptoPump游

Make 200-300% within MINUTES! 游늳

游꾸Welcome: https://t.co/7guvU6e8BI

uFw8t54i @Mearikate @TheAmazingJum @marcusmccarty11 @danis__danish @moodyshego @Humblecoolgrace @bets_bay @wichman172 @DKhan5802 @Kayston6 @Shenandoah_Art",0,0
2025-03-13 15:26:18+00:00,"#CryptoPump游

Make 200-300% within MINUTES! 游늳

游꾸Welcome: https://t.co/emFvO7A9IW

kL1tC7RP @qq40191 @Leonnccio @queenshofia576 @BentejuiKr69938 @MaskedHornyMan @NitinSarmal @shanpingjun @adzzz0 @metaplexmusic @Linhdaika1991 @rafaelldeanda",0,0
2025-03-13 15:26:18+00:00,"#CryptoPump游

Make 150-300% within MINUTES! 游늳

游꾸Welcome: https://t.co/emFvO7A9IW

7pdogOzj @Freire77Luis @geyitulutu87166 @IldikaTamasi @Lisa_C_Collins @KuraniGercekler @ckadakia @Vy02905141 @whericfgt @swaRts_ @_Tellez_20 @sibilinoar",0,0
2025-03-13 15:26:18+00:00,"#CryptoPump游

Make 150-300% within MINUTES! 游늳

游꾸Welcome: https://t.co/7guvU6e8BI

Viw63spc @N14E5 @MusaAhmed146810 @rios13483073 @hossamfahmy_ @kyle_steffi @abdul_3s3s @RebeccaOnTheGo @its_a_gremory @DouglasEvan6 @willminnie1 @Mil_Jeep55",0,0
2025-03-13 15:26:18+00:00,"@hubdotxyz I'd love to see @cdixon in the next Hub Builders Round. As a16z crypto's Managing Partner, his insights on Web3, decentralized apps, and blockchain innovation would be invaluable.",0,0
2025-03-13 15:26:18+00:00,"#CryptoPump游

Make 150-300% within MINUTES! 游늳

游꾸Welcome: https://t.co/uwjIawKvoh

58K0IJcu @Abdiahiabdirah1 @KeithHull7 @morbo17cm @CharlesHie44943 @nhfvhj_kjhg @ticia_fah @JMorado334 @YourAnonSovial @Ellinorerikson3 @pendingproject6 @mdhanasekaran",0,0
2025-03-13 15:26:18+00:00,"#CryptoPump游

Make 150-300% within MINUTES! 游늳

游꾸Welcome: https://t.co/TmI7EZ9KrH

maENyi9n @BlessedMaple @RhYn033 @LozanoTash70228 @lemoseveli @ak121akji @jamiegreen15 @BonhamethSS @Mfer3107 @Kyliandef83 @Astro08__ @joeydimarc49812",0,0
2025-03-13 15:26:18+00:00,"#CryptoPump游

Make 150-300% within MINUTES! 游늳

游꾸Welcome: https://t.co/7guvU6e8BI

nQVvhumj @hahay394 @besidesSel @ibakza__ @Tex2176 @Marvineightybab @SportsNoahE @hayley_bree @brisa_davi26435 @massud @hurluche133 @Allie6251",0,0
2025-03-13 15:26:18+00:00,"#CryptoPump游

Make 150-250% within MINUTES! 游늳

游꾸Learn more: https://t.co/uwjIawKvoh

1L3wDVtl @AngelGatewood @accurseddothtml @MEMERObro @yuhhhh11__ @MatthewWolff @rexcesmap @142_274 @WilliamsIano @Digitsb @MrRohitPatel4 @liv_ochoa",0,0
2025-03-13 15:26:18+00:00,"#CryptoPump游

Make 150-250% within MINUTES! 游늳

游꾸Learn more: https://t.co/emFvO7A9IW

D0BYgEic @FlygirlKween @Hadrian_1221 @CalenWarkentin @dcypherz @raran_firehouse @thatguyfilms @keroltaylor @brunodcr0303 @EustaquioCarras @Sxvior_ @iwlldiesomeday_",0,0
2025-03-13 15:26:18+00:00,"#CryptoPump游

Make 150-250% within MINUTES! 游늳

游꾸Learn more: https://t.co/XwqqY0kH9s

pqXuBjhi @kumar_bhw96 @pooh_blessed_ @afrhadul_fff @ArtLabCollecti1 @rachel_vigne @katieauld95 @Collin_G_Wood @RogLem0186 @ThE4GhOsT @greensmaidston1 @nicogym38",0,0
2025-03-13 15:26:18+00:00,"#CryptoPump游

Make 150-300% within MINUTES! 游늳

游꾸Welcome: https://t.co/XwqqY0kH9s

nRA2OHxk @realvictorbraga @sentimetal_boy @MakaylaAddingto @TheWhalesCoin @petroniobispo1 @ManhHun69800908 @PaTheRealest01 @nici0106 @BJ_Walston @RizwanS88415148 @chuchuxiaoxin",0,0
2025-03-13 15:26:18+00:00,"#CryptoPump游

Make 150-250% within MINUTES! 游늳

游꾸Learn more: https://t.co/emFvO7A9IW

Y2pnewIX @loveyouposty @man_frying @shush7777 @monurocking143 @YovinValydon @CesarRRmzS @karimkiko393 @gjstrap @youcef_benaziz @Mrjiggles10 @TPTG_IR",0,0
2025-03-13 15:26:18+00:00,"#CryptoPump游

Make 150-250% within MINUTES! 游늳

游꾸Learn more: https://t.co/XwqqY0kH9s

iBckehsY @kogetu_ @michaelb6 @SuggittCraig @Andreck_Natras @LostKapros @Kennedykab35471 @Tra050662Traore @TheBertier @antoniojose01 @DrayyDrayy1 @deanerysdrogo",0,0
2025-03-13 15:26:18+00:00,"#CryptoPump游

Make 150-250% within MINUTES! 游늳

游꾸Learn more: https://t.co/whSEhKLHp3

2dvhiyZP @jrlopez64 @inkmixx @acubides @ZepRony @henrique_pina @MkxMeganx @MoistYour @TFJ61 @fankliyy59647 @KimeTimeMcGill @reypellinore",0,0
2025-03-13 15:26:18+00:00,"#CryptoPump游

Make 200-300% within MINUTES! 游늳

游꾸Welcome: https://t.co/emFvO7A9IW

a4ekZtzd @chioccarelli_a @FathlfXuEXcndZX @JoseWest22871 @_frankiekim @ochoooaa @seun_adeto14563 @BradHardy5 @MdNadee87929871 @AbigailWaraker @EliseoMaheda @Da_Purp_Killa",0,0
2025-03-13 15:26:18+00:00,"#CryptoPump游

Make 150-300% within MINUTES! 游늳

游꾸Welcome: https://t.co/TmI7EZ9KrH

lVpHi5rg @scarecrowscrea2 @ZeinYaghi @kmulvs @ShuqiuLi @AwadAlghamdi @smrDJclub @AramisHoumed @Aristid76215978 @daffon88 @Kris10collie @desperado9604",0,0
2025-03-13 15:26:18+00:00,@mrmel_m @crypto_mancers GM,0,0
2025-03-13 15:26:18+00:00,"#CryptoPump游

Make 150-300% within MINUTES! 游늳

游꾸Welcome: https://t.co/7guvU6e8BI

vWxQRdyl @PierceKath6122 @ptrgngsrr @abdulsalamqayed @JW_Thrillinois @UlovaWakhe @JohnVAmato1 @glenn_axell @kabamaru5656 @Jessica37429055 @divavaiva @deo62277",0,0
2025-03-13 15:26:18+00:00,"#CryptoPump游

Make 200-300% within MINUTES! 游늳

游꾸Welcome: https://t.co/7guvU6e8BI

dvwQq8Yb @rehm_helen @BasavarajIshaan @acristensen @ThobaniBafo @ready_gear @mallakiran7 @tranduy04368828 @Spintonik @vahidkhoda37702 @thetruth9999999 @DurkFarrell",0,0
2025-03-13 15:26:18+00:00,"#CryptoPump游

Make 200-300% within MINUTES! 游늳

游꾸Welcome: https://t.co/TmI7EZ9KrH

iW3X1Mky @troybruno23 @Vardhan131 @kickplanetTV @LASERCATGLOBAL @JosephDCrouch @Toledan013 @RizcoTech @JoffLbt @WhitemanTheOne @Bobst72 @sexyserraono90",0,0
2025-03-13 15:26:18+00:00,"#CryptoPump游

Make 200-300% within MINUTES! 游늳

游꾸Welcome: https://t.co/emFvO7A9IW

IGhry9k3 @Sam_Wright17 @msmccabe1 @steel_guy @VickyMCastillo @z_lutz8 @Smile_tackle @Sunysunys @cedrickqb12 @itsyeritza07 @sealion82 @heki_sek",0,0
2025-03-13 15:26:18+00:00,"#CryptoPump游

Make 150-300% within MINUTES! 游늳

游꾸Welcome: https://t.co/emFvO7A9IW

ReSJF9po @RoyalRooters @zolanskispen @burcuubilginn @alexguima4 @iamnot_avek @jd_woods91 @kaidatoti @table_04614 @nabaj9892 @AAFANSWESTCOAST @kowgentleman",0,0
2025-03-13 15:26:18+00:00,"#CryptoPump游

Make 150-300% within MINUTES! 游늳

游꾸Welcome: https://t.co/TmI7EZ9KrH

V7ZAM93U @Cristia50972374 @eukrainian @varruunnnn @DanielDeMasi78 @RNDDaliG @Dikameraphael @omoiyaeleyinnla @GagoEngr @ax50andar30 @chog22 @BrunoB78",0,0
2025-03-13 15:26:18+00:00,"#CryptoPump游

Make 150-250% within MINUTES! 游늳

游꾸Learn more: https://t.co/uwjIawKvoh

AHoLNf6O @Athenians_ @pacoelchato0 @sashaFbaby_ @nuttmarguerite1 @ChopsTheGoblin @ILOVETOUFUUU @Tamber101 @Ouedrao78938735 @Elizabethviega5 @MikeMichaud7 @lalili23",0,0
2025-03-13 15:26:18+00:00,"#CryptoPump游

Make 150-300% within MINUTES! 游늳

游꾸Welcome: https://t.co/TmI7EZ9KrH

XBNhluR9 @el_elvis2 @nickdaproud @tlemcanifethi2 @Brandystarrzz @jonrider @jerudesao @carvalhodx @Matthew_Holley @Dayman_Mang @SajBeautie @Prettyakan",0,0
2025-03-13 15:26:18+00:00,"#CryptoPump游

Make 150-250% within MINUTES! 游늳

游꾸Learn more: https://t.co/TmI7EZ9KrH

xQ8cu1Hl @FrankSi84392764 @keraRachie123 @guiltymonk @ImaLyone @TulsaRamada @hurrican80 @nicolette_baier @MurattKrkynn @EmmySureboy @masayan7711 @KyleSmi96907923",0,0
2025-03-13 15:26:18+00:00,"#CryptoPump游

Make 150-250% within MINUTES! 游늳

游꾸Learn more: https://t.co/TmI7EZ9KrH

wTGEUxhz @VladislavStone @Callout_Gaming @Slimbae21938692 @jasagroservice1 @CYoung98705 @TabinHill @dewalsh5 @Gracie_Butler25 @KidWithTheDream @Liwa_Chance @SusieRoper1",0,0
2025-03-13 15:26:18+00:00,"#CryptoPump游

Make 150-300% within MINUTES! 游늳

游꾸Welcome: https://t.co/emFvO7A9IW

KUoChmNz @sforharry @emrabb @dharanipragash @Going44goal @chrismccraith @victormezrin @aqkings @KameshSelvaraj6 @Nebula1603221 @THiggs118 @russell_1990",0,0
2025-03-13 15:26:18+00:00,"#CryptoPump游

Make 150-300% within MINUTES! 游늳

游꾸Welcome: https://t.co/uwjIawKvoh

wrVSkH72 @KumarSwatej @Eliriel_ @kvcryptodinod96 @CarlosV90045421 @daniel196700 @74d153bf1d324ca @debbiekatemoore @REVSERGIOROSA @NicoABC30 @valecaraccioli @devl52",0,0
2025-03-13 15:26:18+00:00,"#CryptoPump游

Make 150-300% within MINUTES! 游늳

游꾸Welcome: https://t.co/TmI7EZ9KrH

GYpAgJhQ @thiagoshad @Kerry07462738 @princekianxxx @michaedwards200 @69Pints14509 @ysfmtn87 @c_r_s_i_e @GoldyBrend70332 @dolglas_157 @queencats125 @DavidCoquillet1",0,0
2025-03-13 15:26:18+00:00,"#CryptoPump游

Make 200-300% within MINUTES! 游늳

游꾸Welcome: https://t.co/TmI7EZ9KrH

sfUVyo28 @NicolaiKU @yudaadjuz @JaneSch95549814 @MuscleFemale @liborio_ana @DonShelbycule10 @tiagoridolfi @dahlmonte @Sanjidbillah @GayleVillanuev5 @stand_4_truth88",0,0
2025-03-13 15:26:18+00:00,"#CryptoPump游

Make 150-250% within MINUTES! 游늳

游꾸Learn more: https://t.co/emFvO7A9IW

rhQF8if5 @james_dere47764 @ahmetekizoglu @GThanksy @Bn_Muhammad0 @MKGandhi12 @tobfuuuojgtygf1 @drasamaruiz @Nick___S @sfjn00307594 @SethOwens1987 @wrld_prince_019",0,0
2025-03-13 15:26:18+00:00,"#CryptoPump游

Make 200-300% within MINUTES! 游늳

游꾸Welcome: https://t.co/uwjIawKvoh

UjRVtxzd @carolineyu1000 @llady04 @_fhfhbfg @erm_tsu @GoranPerkovic @numbersguy91 @Samantha35758 @SilvyLoog @freomang @Klipsoncamera @hodgeam",0,0
2025-03-13 15:26:18+00:00,"#CryptoPump游

Make 200-300% within MINUTES! 游늳

游꾸Welcome: https://t.co/uwjIawKvoh

O2XNDSWP @JEELBY @selfesteemax @rsyl88895806 @DannyOLcf @FaithPetry @2eazystupendous @winFigmqm @Guydid142gmail1 @BatthKaeden @annitalizerr @Rasmuskvamme",0,0
2025-03-13 15:26:18+00:00,"#CryptoPump游

Make 150-300% within MINUTES! 游늳

游꾸Welcome: https://t.co/TmI7EZ9KrH

nkqDHBj3 @Brandan_Gypsy15 @PatrickBourke24 @MaraLui16245872 @JeSuisHoode @__ALeigh_ @David20691608 @AwardTravelers @_Seifenoper_ @PritamMaheshw10 @RRzaaaaaaaaaaa @wangziqi2003",0,0
2025-03-13 15:26:18+00:00,"#CryptoPump游

Make 150-300% within MINUTES! 游늳

游꾸Welcome: https://t.co/TmI7EZ9KrH

r6fTF8xW @rylee_josephine @4rthur_000 @Justin_Sharp85 @Single_Shot213 @JRanoliya @BiscuitFlowery @DollarTre @Aroe_Lamuna @BadMess7 @CoachBombay95 @EidhAlharbi",0,0
2025-03-13 15:26:18+00:00,"#CryptoPump游

Make 150-300% within MINUTES! 游늳

游꾸Welcome: https://t.co/XwqqY0kH9s

IF4B3KXa @CatfishBlack99 @abuw_aiman @miCartelera @rohitbattepati @Tthugg @JaniceBakke @khanbhai3310 @AlassanHabibe @Pat1to22 @CurioPon3 @TequalsMCsquare",0,0
2025-03-13 15:26:18+00:00,"#CryptoPump游

Make 150-250% within MINUTES! 游늳

游꾸Learn more: https://t.co/emFvO7A9IW

uodLnD0i @venezuelaurban @LadyRaiders5 @steve141041 @Pinet32415469 @SaskiaColey @KyleDRitt @Humsca @Starsid3R @mossyswordfish @b_umblb33 @zhngqiy101",0,0
2025-03-13 15:26:18+00:00,"#CryptoPump游

Make 200-300% within MINUTES! 游늳

游꾸Welcome: https://t.co/emFvO7A9IW

6H7oztN3 @Arikan_Musab @mwintona @ronniemrtnz @unachocoreta @emcylr @xPijee @BachelorSn25385 @shahru08718252 @A_lex51 @Reza848271201 @cuziloverain",0,0
2025-03-13 15:26:18+00:00,"#CryptoPump游

Make 150-300% within MINUTES! 游늳

游꾸Welcome: https://t.co/emFvO7A9IW

HSjAavi2 @della_sann @mamenmartinez7 @ManigliaCarlo @rsconsulting11 @3424buddybelle @SkankKush42 @fat_mo22 @thesaintsanj @Ayanja95782345 @balakhan @abbaspour1988",0,0
2025-03-13 15:26:18+00:00,"#CryptoPump游

Make 150-300% within MINUTES! 游늳

游꾸Welcome: https://t.co/XwqqY0kH9s

oWE0jSa5 @mariomouawad @ronaldh_23 @mattfrancisRE @adnan_tasnim @KLlancaqueo @Olof67153222 @rakan_naif_d @Guru_Bchain @julietallahverd @KLMcghee91 @kennalawl",0,0
2025-03-13 15:26:18+00:00,"#CryptoPump游

Make 150-300% within MINUTES! 游늳

游꾸Welcome: https://t.co/emFvO7A9IW

rp317FKX @TheDominaTrish @Osondu382140 @Roberto14OG @bartatoni @saqcex @fabdaytona @Chimchi28762762 @muhaina4 @IFreeli @tyonghao @ahmad1987z",0,0
2025-03-13 15:26:18+00:00,"#CryptoPump游

Make 150-250% within MINUTES! 游늳

游꾸Learn more: https://t.co/XwqqY0kH9s

SbALHfM4 @ShemarStroboy @jricardoasensio @Dominic__Esra @achmadroyyanel1 @CandyJK2 @Johnny76233080 @MarieO17231803 @RaviRavikhari44 @TLAMAMALIAC @SophieeBatemann @KananDas7",0,0
2025-03-13 15:26:18+00:00,"#CryptoPump游

Make 200-300% within MINUTES! 游늳

游꾸Welcome: https://t.co/XwqqY0kH9s

zwWuXZon @Bridget_Lea @NMattik @SwitchOverwatch @SkiesSRL @cristhi45586074 @Matthew_OKC @PrakashLawa @DaveyDuck84 @JamesFebry @miparsons_ @GirardiCaio",0,0
