subreddit,title,score,num_comments,url,created_utc
cryptocurrency,Moon Week 59,10,76,https://www.reddit.com/r/CryptoCurrency/comments/1j5f6tn/moon_week_59/,1741321438.0
cryptocurrency,"Daily Crypto Discussion - March 13, 2025 (GMT+0)",25,436,https://www.reddit.com/r/CryptoCurrency/comments/1j9ys8p/daily_crypto_discussion_march_13_2025_gmt0/,1741824054.0
cryptocurrency,Ethereum down 33% since Eric Trump suggested it was a 'great time' to buy,1143,217,https://protos.com/ethereum-down-33-since-eric-trump-suggested-it-was-a-great-time-to-buy/,1741851143.0
cryptocurrency,Probably unrelated,288,62,https://i.redd.it/ux37n7khrgoe1.png,1741874621.0
cryptocurrency,India arrests Russian resident wanted by US over $152 billion cryptocurrency money-laundering scheme,238,9,https://www.abc.net.au/news/2025-03-13/india-arrests-aleksej-besciokov-over-garantex-cryptocurrency/105049710,1741859437.0
cryptocurrency,"Sen. Lummis Reintroduces Bitcoin Act, Which Would Allow US to Buy $80 Billion in BTC",64,61,https://decrypt.co/309542/lummis-bitcoin-act-us-governernment-buy-1-million-bitcoin,1741871058.0
cryptocurrency,US Head Of State to acquire a stake in Binance,55,15,https://www.wsj.com/finance/currencies/trump-family-has-held-deal-talks-with-binance-following-crypto-exchanges-guilty-plea-05b029fa,1741871847.0
cryptocurrency,Argentina Files for Interpol Red Notice for LIBRA Token Creator Amid Political Scandal,53,15,https://crypto-economy.com/argentina-files-for-interpol-red-notice-for-libra-token-creator-amid-political-scandal/,1741865652.0
cryptocurrency,"4 years ago today, someone bought this JPEG for $69 million üíÄ",5197,506,https://i.redd.it/epf86fyb48oe1.png,1741774445.0
cryptocurrency,"Crypto trader swaps $733,000 for just $19,000 in large sandwich attack",554,165,https://www.theblock.co/post/345977/crypto-trader-swaps-733000-for-just-19000-in-large-sandwich-attack?utm_source=rss&utm_medium=rss,1741811578.0
cryptocurrency,"Apple Just Announced The New iPhone, Exclusive For ETH Holders",743,54,https://www.reddit.com/gallery/1j9ob7o,1741797465.0
cryptocurrency,Crypto criminals and convicted politicians line up for Trump‚Äôs pardon,435,87,https://www.cryptopolitan.com/crypto-criminals-and-convicted-politicians-line-up-for-trumps-pardon/,1741796225.0
cryptocurrency,"No risk, no rari. All in on Bitcoin",748,28,https://i.redd.it/47bvr754d9oe1.png,1741785124.0
cryptocurrency,Regulated Crypto Payments in the UAE,6,3,https://ripple.com/ripple-press/regulated-crypto-payments-in-the-uae/,1741863983.0
cryptocurrency,"Coinbase to Halt Trading of Meme Coins Floki, Turbo, and Giga in New York",15,2,https://decrypt.co/309814/coinbase-to-halt-trading-of-meme-coins-floki-turbo-and-giga-in-new-york,1741847571.0
cryptocurrency,ETH to BTC falls to .02267 a ~5 year low that hasn't been since May 2020. This means since mid 2017 there is now only a 10.5 month period where you'd be up purchasing Ethereum compared to purchasing Bitcoin (late 2019 early 2020).,251,131,https://i.redd.it/xtjhupkav9oe1.png,1741791177.0
cryptocurrency,Whale‚Äôs Nine Figure ETH Liquidation Costs Hyperliquid $4 Million,7,3,https://thedefiant.io/news/defi/whale-s-nine-figure-eth-liquidation-costs-hyperliquid-usd4-million,1741861838.0
cryptocurrency,"So, where does this take us?",291,282,https://www.reddit.com/gallery/1j9jihg,1741784470.0
cryptocurrency,Solana revenue slumps 93% from January high after memecoin bubble bursts,175,40,https://cointelegraph.com/news/solana-revenue-slumps-90-from-january-high-memecoin-mania-dies,1741793998.0
cryptocurrency,The GENIUS stablecoin bill is a CBDC trojan horse,23,15,https://cointelegraph.com/news/genius-stablecoin-bill-cbdc-trojan-horse,1741831523.0
cryptocurrency,Hive: Needs To Tap Into The $350 Billion Open Data Market,2,0,https://peakd.com/hive-167922/@taskmaster4450/hive-needs-to-tap-into-the-350-billion-open-data-market-kqz,1741878306.0
cryptocurrency,Singapore Exchange gears up to list Bitcoin derivatives,10,2,https://m.economictimes.com/markets/cryptocurrency/singapore-exchange-gears-up-to-list-bitcoin-derivatives/articleshow/118865423.cms,1741842697.0
cryptocurrency,HANetf Unveils Europe's First Leveraged Crypto ETCs,5,1,https://finance.yahoo.com/news/hanetf-unveils-europes-first-leveraged-234000572.html?guccounter=1&guce_referrer=aHR0cHM6Ly93d3cuZ29vZ2xlLmNvbS8&guce_referrer_sig=AQAAAGzy3ON9wXzpEra8CQE00NrZ92gDsGcgK0E-eIbsysnGcOLpkkEXPTCM4FLRFB6GGUyeU0GHsq4F4oubSh56Uwr1KS8L5KZbDOfFfhKy9UG5jNE_zl-9I7oYJH6JOA4a2QYSEQ9pdRKc22hs-iyJtOdn39eoi2CRpxP5ZFoqmnRD,1741859605.0
cryptocurrency,Solo Miner Mined a Block of Bitcoin On a $299 Device,3143,218,https://cryptorank.io/news/feed/e561f-solo-miner-mined-a-block-of-bitcoin-on-a-299-device,1741727538.0
cryptocurrency,Ethereum Lags Behind Bitcoin Rebound as Devs Work Towards Pectra Upgrade,69,48,https://decrypt.co/309663/ethereum-lags-behind-bitcoin-pectra-upgrade,1741801446.0
cryptocurrency,Bitcoin Miner Bitdeer's Own BTC Holdings Surge Since Start of Year,21,104,https://decrypt.co/309714/bitcoin-miner-bitdeers-own-btc-holdings-surge-since-start-of-year,1741819407.0
cryptocurrency,Line Partners With Sony's Soneium to Launch Blockchain Mini-Apps for 200 Million Users ‚Äì News Bytes Bitcoin News,8,0,https://news.bitcoin.com/line-partners-with-sonys-soneium-to-launch-blockchain-mini-apps-for-200-million-users/,1741842318.0
cryptocurrency,Russia's central bank considers allowing crypto purchases for qualified investors,52,11,https://cryptobriefing.com/crypto-purchases-for-investors/,1741800724.0
cryptocurrency,Smartphone with Authenticator broken - What can i do with the 16 digit code?,0,5,https://www.reddit.com/r/CryptoCurrency/comments/1jadw9m/smartphone_with_authenticator_broken_what_can_i/,1741877842.0
cryptocurrency,Will These New People Spark A Crypto Rally,0,0,https://peakd.com/hive-167922/@bitcoinflood/will-these-new-people-spark-a-crypto-rally-7hv,1741876191.0
cryptocurrency,Franklin Templeton seeks SEC approval for spot XRP ETF in latest crypto initiative,38,56,https://peakd.com/@faiz1971/franklin-templeton-seeks-sec-approval-for-spot-xrp-etf-in-latest-crypto-initiative-6db,1741802007.0
cryptocurrency,North Korean Lazarus hackers infect hundreds via npm packages,510,46,https://www.bleepingcomputer.com/news/security/north-korean-lazarus-hackers-infect-hundreds-via-npm-packages/,1741750898.0
cryptocurrency,CypherGoat is live - The First Open Source Crypto Swap Aggregator!,1,5,https://www.reddit.com/r/CryptoCurrency/comments/1jabgfm/cyphergoat_is_live_the_first_open_source_crypto/,1741871012.0
cryptocurrency,Nebraska passes act on crypto ATMs to protect consumers,4,2,https://www.cryptopolitan.com/nebraska-act-crypto-atms-protect-consumers/,1741835484.0
cryptocurrency,"Tether‚Äôs Paolo Ardoino Says USDT Stablecoin Issuer ‚ÄòHas Been Through Hell‚Äô, Is Cheered On at Cantor Conference",5,7,https://www.coindesk.com/business/2025/03/12/tether-s-paolo-ardoino-says-stablecoin-issuer-has-been-through-hell-is-cheered-on-at-cantor-conference,1741834518.0
cryptocurrency,"Bolivia turns to crypto for energy import payments amid dollar, fuel shortages",54,9,https://www.reuters.com/markets/bolivia-turns-crypto-energy-imports-amid-dollar-fuel-shortages-2025-03-12/,1741788083.0
cryptocurrency,If you're not selling...,1877,194,https://i.redd.it/rco53082f3oe1.jpeg,1741713032.0
cryptocurrency,How could someone manually create a transaction on a blockchain?,0,27,https://www.reddit.com/r/CryptoCurrency/comments/1ja81fc/how_could_someone_manually_create_a_transaction/,1741858142.0
cryptocurrency,Coinbase returns to India: Crypto exchange confirms securing FIU regulatory nod,17,1,https://indianexpress.com/article/technology/tech-news-technology/coinbase-crypto-exchange-india-return-fiu-registration-9880736/,1741796992.0
cryptocurrency,"Fluid Money Market is Now Live on Polygon - High LTVs, Low Fees, and 1.5M POL in Incentives",0,5,https://www.reddit.com/gallery/1ja6laq,1741851136.0
cryptocurrency,Bolivia to use Crypto for energy imports amid U.S. dollar shortage,17,7,https://crypto.news/bolivia-to-use-crypto-for-energy-imports-amid-u-s-dollar-shortage-report/,1741793822.0
cryptocurrency,BlackRock CEO Issues Serious Warning Amid $1 Trillion Bitcoin And Crypto Price Sell-Off,821,177,https://www.forbes.com/sites/digital-assets/2025/03/11/blackrock-ceo-issues-serious-warning-amid-1-trillion-bitcoin-and-crypto-price-sell-off/,1741715930.0
cryptocurrency,JUST IN: US House passes resolution to overturn the IRS DeFi broker rule.,215,40,https://www.reddit.com/r/CryptoCurrency/comments/1j978oo/just_in_us_house_passes_resolution_to_overturn/,1741741974.0
cryptocurrency,Suspicious High-Leverage Trades on Hyperliquid Raise Money Laundering Concerns,30,4,https://beincrypto.com/hyperliquid-trades-money-laundering-concerns/,1741777580.0
cryptocurrency,ETH/BTC Slips to Lowest Since December 2020 as Ethereum Loses Key Support,116,53,https://www.fxempire.com/forecasts/article/eth-btc-slips-to-lowest-since-december-2020-as-ethereum-loses-key-support-1503514,1741747550.0
cryptocurrency,Congress to introduce Strategic Bitcoin Reserve legislation in the House today to buy 1 million Bitcoin.,621,184,https://ecency.com/hive-182156/@theworldaroundme/congress-to-introduce-strategic-bitcoin,1741712708.0
cryptocurrency,Coinbase Help,0,6,https://www.reddit.com/r/CryptoCurrency/comments/1ja3eek/coinbase_help/,1741838045.0
cryptocurrency,BCH Weekly News March 11th - PAYTACA - BUGS.CASH - BCH BLISS CONFERENCE,0,1,https://medium.com/@BCHF_ORG/bitcoincash-weekly-news-march-11th-2025-by-the-bchf-f25764cea038,1741850162.0
cryptocurrency,Opening old .wallet files,3,5,https://www.reddit.com/r/CryptoCurrency/comments/1j9u751/opening_old_wallet_files/,1741811770.0
cryptocurrency,Michael Saylor: A U.S. Bitcoin Reserve Could Cement America's Financial Dominance This Century,160,186,https://i.redd.it/h8jh9q0o15oe1.png,1741732752.0
cryptocurrency,"Ethereum (ETH) holders are fighting liquidations as price sinks under $2,000",650,135,https://www.cryptopolitan.com/ethereum-fight-liquidations-price-under-2k/,1741701992.0
cryptocurrency,Doing the opposite of what this subreddit recommends is what kept me in profit,235,52,https://www.reddit.com/r/CryptoCurrency/comments/1j8zad3/doing_the_opposite_of_what_this_subreddit/,1741721350.0
cryptocurrency,"Arthur Hayes Predicts Bitcoin Bottom at $70K, Sees Strong Bull Market Ahead",42,63,https://coinstats.app/news/c7c7123838ff18bba1e8ff9295021ab2a0999877416596ba02e8f5d16bdae5c5_Arthur-Hayes-Predicts-Bitcoin-Bottom-at-%2470K%2C-Sees-Strong-Bull-Market-Ahead/,1741748615.0
cryptocurrency,Garantex co-founder Aleksej Besciokov arrested by Indian authorities,1,6,https://crypto.news/garantex-co-founder-aleksej-besciokov-arrested-by-indian-authorities-report/,1741820441.0
cryptocurrency,Bitcoin and US stocks climb as CPI inflation cools in February,3,8,https://www.theblock.co/post/345894/bitcoin-and-us-stocks-climb-as-cpi-inflation-cools-in-february?utm_source=rss&utm_medium=rss,1741793022.0
cryptocurrency,Will Bitcoin price reclaim $95K before the end of March?,0,16,https://cointelegraph.com/news/will-bitcoin-price-reclaim-95k-before-end-march,1741859815.0
cryptocurrency,BCH Bull: Breaking Through Traditional DeFi - Blockonomi,0,4,https://blockonomi.com/bch-bull-breaking-through-traditional-defi/,1741850403.0
cryptocurrency,"Instead of buying high and selling low, you should buy low and sell high",420,203,https://www.reddit.com/r/CryptoCurrency/comments/1j8ql8i/instead_of_buying_high_and_selling_low_you_should/,1741699285.0
cryptocurrency,"Don't let Monday's sell-off scare you out of the market entirely, Jim Cramer says",250,150,https://www.cnbc.com/2025/03/10/dont-let-the-sell-off-scare-you-out-of-the-market-jim-cramer-says.html,1741708434.0
cryptocurrency,Deutsche B√∂rse‚Äôs Clearstream To Offer Crypto Custody Services Starting April 2025,25,8,https://99bitcoins.com/news/deutsche-borses-clearstream-to-offer-crypto-custody-services-starting-april-2025/,1741751189.0
cryptocurrency,XRPL Testnet on WhiteRock Shows 3.4s Settlements‚ÄîEnding T+2 Norms?,286,49,https://crypto.news/whiterock-xrpl-testnet-reports-strong-performance-ama-set-for-march-11/,1741703000.0
cryptocurrency,Texas doubles down on crypto with new $250 million Bitcoin reserve bill,339,29,https://cryptoslate.com/texas-doubles-down-on-crypto-with-new-250-million-bitcoin-reserve-bill/,1741697588.0
cryptocurrency,This is what BlackRock shows clients about ETH ‚Äì Institutions LOVE these fundamentals,69,76,https://www.reddit.com/gallery/1j900th,1741723149.0
cryptocurrency,How do 12 seed phrase works couldn‚Äôt someone theoretically just run a computer that guesses 12 word phrases and then steal peoples money all day,3,111,https://www.reddit.com/r/CryptoCurrency/comments/1j9rlty/how_do_12_seed_phrase_works_couldnt_someone/,1741805439.0
cryptocurrency,I am so tired of winning,1434,46,https://i.redd.it/gpme5zpe0zne1.jpeg,1741659675.0
cryptocurrency,President Trump has absolutely no idea what he‚Äôs doing when it comes to crypto | Cryptopolitan,6259,742,https://www.cryptopolitan.com/trump-has-no-idea-when-it-comes-to-crypto/,1741631877.0
cryptocurrency,"Daily Crypto Discussion - March 12, 2025 (GMT+0)",27,855,https://www.reddit.com/r/CryptoCurrency/comments/1j95ogr/daily_crypto_discussion_march_12_2025_gmt0/,1741737657.0
cryptocurrency,"TravelX just on boarded Cebu Pacific Air, the largest airline in the Philippines. TravelX issues airline tickets as NFTs on Algorand, allowing for real ownership of tickets and the ability to buy/sell/trade your tickets in a peer to peer marketplace.",39,17,https://www.linkedin.com/company/travelxchange/posts,1741729580.0
cryptocurrency,This is without a doubt the shittiest bullrun we ever had,1260,876,https://www.reddit.com/r/CryptoCurrency/comments/1j8gcqx/this_is_without_a_doubt_the_shittiest_bullrun_we/,1741659617.0
cryptocurrency,Rip to the Hodlers.,133,60,https://i.redd.it/ho2y4umjf2oe1.png,1741701120.0
cryptocurrency,Mercado Bitcoin and Polygon Labs Partner on $200M Tokenization Push in Latin America,0,1,https://www.coindesk.com/markets/2025/03/12/mercado-bitcoin-polygon-labs-look-to-issue-usd200m-worth-of-tokenized-assets-in-latin-america,1741791395.0
cryptocurrency,Stablecoin alternatives to USD?,0,15,https://www.reddit.com/r/CryptoCurrency/comments/1j9lhbm/stablecoin_alternatives_to_usd/,1741790060.0
cryptocurrency,Coinbase wins regulatory nod in India as it seeks re-entry,30,2,https://crypto.news/coinbase-wins-regulatory-nod-in-india-as-it-seeks-re-entry/,1741717386.0
cryptocurrency,How Algorand & Hedera Complement Each Other ‚Äì A Stronger Future Together?,0,7,/r/AlgoHedera/comments/1j9ihgd/how_algorand_hedera_complement_each_other_a/,1741781311.0
cryptocurrency,"MGX Invests $2 Billion in Binance, Marking Historic Crypto Deal",0,1,https://www.binance.com/en/square/post/03-12-2025-binance-news-mgx-invests-2-billion-in-binance-marking-historic-crypto-deal-21452383088521,1741793789.0
cryptocurrency,"Bitwise launches ETF tracking companies holding at least 1,000 BTC",37,2,https://www.theblock.co/post/345695/bitwise-launches-etf-tracking-companies-holding-at-least-1000-btc?utm_source=rss&utm_medium=rss,1741709206.0
cryptocurrency,"Cathie Wood - ""Deflationary boom in the second half of this year!""",0,34,https://www.reddit.com/r/CryptoCurrency/comments/1j9lfwu/cathie_wood_deflationary_boom_in_the_second_half/,1741789922.0
cryptocurrency,Court ruling in Uniswap case sets precedent for DeFi developers‚Äô legal protection,5,6,https://cryptoslate.com/court-ruling-in-uniswap-case-sets-precedent-for-defi-developers-legal-protection/,1741744204.0
cryptocurrency,Sam Bankman-Fried's Tucker Carlson interview reportedly landed him in solitary confinement,843,68,https://fortune.com/2025/03/10/sam-bankman-fried-sbf-solitary-confinement-tucker-carlson-interview/,1741641891.0
cryptocurrency,Is there a stablecoin that does not require a fee when transferred?,0,28,https://www.reddit.com/r/CryptoCurrency/comments/1j9mi53/is_there_a_stablecoin_that_does_not_require_a_fee/,1741792930.0
cryptocurrency,Spain's Second Largest Bank Gets Green Light to Offer Bitcoin and Ether Trading: Report,166,10,https://www.coindesk.com/policy/2025/03/10/spanish-bank-bbva-gets-green-light-to-offer-btc-and-eth-trading-report,1741670702.0
cryptocurrency,Who Controls Your Digital Life?,0,2,https://www.youtube.com/watch?v=sQbzgQJyLAU,1741791864.0
cryptocurrency,El Salvador and Paraguay Join Forces to Strengthen Crypto Regulations,44,7,https://coinfomania.com/el-salvador-and-paraguay-join-forces-to-strengthen-crypto-regulations/,1741696646.0
cryptocurrency,Using Crypto to Receive My Salary,0,8,https://www.reddit.com/r/CryptoCurrency/comments/1j9nsrb/using_crypto_to_receive_my_salary/,1741796200.0
cryptocurrency,The most underrated piece of tech? Unpacking Cartesi‚Äôs Stack,0,5,https://www.reddit.com/r/CryptoCurrency/comments/1j9lcg5/the_most_underrated_piece_of_tech_unpacking/,1741789648.0
cryptocurrency,Robinhood crypto trading volume cools from post-election surge,9,0,https://www.theblock.co/post/345728/robinhood-crypto-trading-volume-cools-from-post-election-surge,1741729351.0
cryptocurrency,"Strategy stock plummets 50% from November peak, but Saylor keeps betting big on BTC",68,36,https://crypto.news/strategy-stock-plummets-50-from-november-peak-but-saylor-keeps-betting-big-on-btc/,1741680914.0
cryptocurrency,"Buzz around that the U.S. government could theoretically benefit from buying XRP at $10,000/coin. Can it happen?",0,30,https://www.reddit.com/r/CryptoCurrency/comments/1j9ziwo/buzz_around_that_the_us_government_could/,1741826134.0
cryptocurrency,Bitcoin nears $78K lows as US stocks dive at the Wall Street open,966,153,https://cointelegraph.com/news/bitcoin-nears-78k-lows-us-stocks-dive-wall-street-open,1741624359.0
cryptocurrency,Trump Plans to Sign Executive Order Ending Biden-Era Crypto Debanking - Decrypt,478,210,https://decrypt.co/309392/trump-executive-order-end-biden-crypto-debanking-operation-chokepoint,1741636103.0
cryptocurrency,Coinbase Plans India Comeback After Securing Regulatory Registration With FIU,21,2,https://www.coindesk.com/business/2025/03/11/coinbase-plans-india-comeback-after-securing-regulatory-registration-with-fiu,1741696153.0
cryptocurrency,Ethereum is at its lowest price since November 2023 and is down 32% against Bitcoin since the Nov. 2024 US presidential Election,547,174,https://i.redd.it/efjy0m1jswne1.png,1741632849.0
cryptocurrency,"Ether Guild: working to elevate ETH, the money, in service of Ethereum, the computer",9,10,https://paragraph.xyz/@etherguild/introducing-ether-guild,1741711448.0
cryptocurrency,Crypto Crash: Liquidations Soar 400% As Fear Index Hits Extreme Lows,417,100,https://www.binance.com/en/square/post/21366469110841,1741633786.0
cryptocurrency,The Time Miners Always Wanted Is Finally Here!!!,0,3,https://youtu.be/686ktusNs7g,1741789189.0
cryptocurrency,"I thought I was prepared for this cycle, but damn‚Ä¶",310,218,https://www.reddit.com/r/CryptoCurrency/comments/1j87ix1/i_thought_i_was_prepared_for_this_cycle_but_damn/,1741636005.0
cryptocurrency,EU watchdogs scrutinizing OKX over $100M in Bybit laundered funds,2,1,https://cointelegraph.com/news/eu-watchdogs-scrutinizing-okx-100m-bybit-laundered-funds?utm_source=feedly_feed&utm_medium=rss&utm_campaign=rss_partner_inbound,1741726441.0
cryptocurrency,"El Salvador defies IMF, continues Bitcoin purchases amid market downtrend",399,54,https://cryptoslate.com/el-salvador-defies-imf-continues-bitcoin-purchases-amid-market-downtrend/,1741625203.0
cryptocurrency,What was the biggest Fail you wisely AVOIDED in Crypto?,23,117,https://www.reddit.com/r/CryptoCurrency/comments/1j8lf6a/what_was_the_biggest_fail_you_wisely_avoided_in/,1741678706.0
cryptocurrency,Binance Confiscates Market Maker‚Äôs Funds After Discovering Misconduct and ‚ÄòMarket Irregularities‚Äô - The Daily Hodl,10,2,https://dailyhodl.com/2025/03/11/binance-confiscates-market-makers-funds-after-discovering-misconduct-and-market-irregularities/,1741695574.0
bitcoin,Bitcoin Newcomers FAQ - Please read!,141,43,https://www.reddit.com/r/Bitcoin/comments/1f7n947/bitcoin_newcomers_faq_please_read/,1725325533.0
bitcoin,"Daily Discussion, March 13, 2025",16,25,https://www.reddit.com/r/Bitcoin/comments/1ja5fkh/daily_discussion_march_13_2025/,1741845888.0
bitcoin,48 Months?? What does he know?,280,110,https://v.redd.it/ys2avmre1goe1,1741865828.0
bitcoin,RON PAUL: Bitcoin should be legalized as money. Let it compete with U.S. Dollar‚ÄºÔ∏è,231,17,https://i.redd.it/pacuf7tf7goe1.jpeg,1741867901.0
bitcoin,I see it everywhere,147,20,https://i.redd.it/9vclxlh7rfoe1.jpeg,1741862405.0
bitcoin,Russia Opens Door to Major Bitcoin Investments Through New Legal Framework,180,32,https://btcpeers.com/russia-opens-door-to-major-bitcoin-investments-through-new-legal-framework/,1741857094.0
bitcoin,Another Normal Day In Bitcoin Market,243,7,https://v.redd.it/gv4xpf1mleoe1,1741848473.0
bitcoin,Public Companies Stack BTC üöÄ,237,12,https://i.redd.it/0lwp79urceoe1.jpeg,1741845905.0
bitcoin,üáßüá¥ NEW: Bolivia‚Äôs state energy firm YPFB to use cryptocurrency to pay for energy imports amid fuel crisis and dollar shortage.,49,4,https://i.redd.it/hoed5bosngoe1.jpeg,1741873358.0
bitcoin,Every. Single. Time.,925,32,https://i.redd.it/qyn331lt0boe1.jpeg,1741805105.0
bitcoin,üá∫üá∏ U.S. INFLATION IS DOWN TO 2.8% LOWER THAN EXPECTED. YOU KNOW WHAT HAPPENS NEXT.,1559,133,https://v.redd.it/wm0wbi7gq9oe1,1741789528.0
bitcoin,Slowly then suddenly,740,41,https://i.redd.it/mkxhdy8nvaoe1.jpeg,1741803360.0
bitcoin,It's really hard to tell which one of us this could be.,1023,460,https://i.redd.it/u1xl5gtf0aoe1.jpeg,1741792903.0
bitcoin,This sub every time bitcon falls by 0.0000000001%,414,18,https://i.redd.it/amaxoffd7boe1.jpeg,1741807299.0
bitcoin,Keep calm and always remember,52,2,https://i.redd.it/wauhjh4ideoe1.jpeg,1741845735.0
bitcoin,I‚Äôm going to buy this much y‚Äôall,456,134,https://i.redd.it/7ta7x1xcoaoe1.jpeg,1741800905.0
bitcoin,I can‚Äôt believe my luck,96,194,https://www.reddit.com/r/Bitcoin/comments/1ja0pdn/i_cant_believe_my_luck/,1741829561.0
bitcoin,Dollar cost averaging frees the soul,197,39,https://www.reddit.com/r/Bitcoin/comments/1j9u1iw/dollar_cost_averaging_frees_the_soul/,1741811375.0
bitcoin,How fast can a chain of 10 people send some bitcoin to and from each other over the lightning network?,222,49,https://v.redd.it/msl0eqc37boe1,1741807407.0
bitcoin,THIS IS WHY WE BITCOIN ‚úä,146,31,https://www.reddit.com/r/Bitcoin/comments/1j9uqye/this_is_why_we_bitcoin/,1741813202.0
bitcoin,"‚ö° Lightning Thursday! March 13, 2025: Explore the Lightning Network!‚ö°",19,2,https://www.reddit.com/r/Bitcoin/comments/1ja68x4/lightning_thursday_march_13_2025_explore_the/,1741849528.0
bitcoin,Isn't it bad for Strategy to own so much BTC?,40,81,https://www.reddit.com/r/Bitcoin/comments/1ja1ze6/isnt_it_bad_for_strategy_to_own_so_much_btc/,1741833470.0
bitcoin,JUST IN: Rumble announces the purchase of $17.1 million in Bitcoin,434,24,https://i.redd.it/prbuijz0k9oe1.jpeg,1741787345.0
bitcoin,HODL,239,16,https://i.redd.it/qrol7cx5haoe1.jpeg,1741798485.0
bitcoin,"Bitcoin Leading indicators on one page, with their forecasts",8,3,http://unravel.finance/pulse,1741864517.0
bitcoin,1) What?,638,176,https://i.redd.it/y1a6ye4yp8oe1.jpeg,1741777232.0
bitcoin,The ETF PURGE is abating - fueling a fragile rebound,25,1,https://i.redd.it/xn7ngzxyvdoe1.png,1741839785.0
bitcoin,The fun has just begun,124,5,https://i.redd.it/bba9t3mh4boe1.png,1741806332.0
bitcoin,Fixed it!,27,5,https://i.redd.it/rp6f3g2jkdoe1.jpeg,1741835938.0
bitcoin,THEY CALL ME THE #BITCOIN JESUS,497,24,https://i.redd.it/fucq9o9mj8oe1.jpeg,1741775114.0
bitcoin,Marrti Malmi on Bitcoin in 2009 & Satoshi Nakamoto (Bitcoin Takeover Podcast S16 E12),6,1,https://www.youtube.com/live/Xld93NQH-lI?si=W_YI5ZUMau7_w05f,1741863442.0
bitcoin,Looks like we are heading upwards again!,34,17,https://i.redd.it/ktfifxx5rcoe1.jpeg,1741826064.0
bitcoin,Which cold wallet should i use.,2,2,https://www.reddit.com/r/Bitcoin/comments/1jaeb9i/which_cold_wallet_should_i_use/,1741878903.0
bitcoin,Bitcoin Adoption Is Not a Choice,202,15,https://v.redd.it/3krw4wurc9oe1,1741784902.0
bitcoin,On the topic of the M2 Money Supply: Forecast information,6,2,https://tradingeconomics.com/united-states/money-supply-m2,1741852557.0
bitcoin,Strategy for peasants,2,18,https://www.reddit.com/r/Bitcoin/comments/1jab6er/strategy_for_peasants/,1741870149.0
bitcoin,Bitcoi without id,3,9,https://www.reddit.com/r/Bitcoin/comments/1jaauhc/bitcoi_without_id/,1741869082.0
bitcoin,does it matter what amount i transfer if i hodl?,3,18,https://www.reddit.com/r/Bitcoin/comments/1ja8hq8/does_it_matter_what_amount_i_transfer_if_i_hodl/,1741860153.0
bitcoin,NEW: American financial services firm Cantor Fitzgerald launches Bitcoin-backed lending for institutions,118,9,https://i.redd.it/wuwawha5m9oe1.png,1741788067.0
bitcoin,TEACHING BITCOIN PROPERLY IN THIS NEWLY PUBLISHED CHILDREN'S ADVENTURE BOOK! YOUR SUPPORT MEANS THE WORLD!,9,1,https://www.reddit.com/r/Bitcoin/comments/1ja375t/teaching_bitcoin_properly_in_this_newly_published/,1741837348.0
bitcoin,MtGOX distribution! Finally!!,1,0,https://www.reddit.com/r/Bitcoin/comments/1jaemec/mtgox_distribution_finally/,1741879693.0
bitcoin,Store of value,4,1,https://v.redd.it/9czrt5t3xeoe1,1741852276.0
bitcoin,Blackrock clients salivate over your paperhands,87,28,https://www.reddit.com/r/Bitcoin/comments/1j9lya4/blackrock_clients_salivate_over_your_paperhands/,1741791538.0
bitcoin,No But in Orange,64,4,https://i.redd.it/4qi1795q4aoe1.jpeg,1741794302.0
bitcoin,Could backing 10% of new US Treasuries with Bitcoin be the solution to America‚Äôs $36 trillion debt crisis?,141,38,https://v.redd.it/xhxflcxvv8oe1,1741779235.0
bitcoin,Sovereign State BTC per Capita. Bravo Bhutan,56,11,https://i.redd.it/2jmdgdv5aaoe1.png,1741796145.0
bitcoin,"Jack Mallers ""The American Monetary Revolution"" | Bitcoin for America",93,2,https://v.redd.it/fomrkj8ed9oe1,1741785318.0
bitcoin,The Fiat standard at play,12,5,https://youtu.be/shFUDPqVmTg?si=M4oNWf6pHvJT5WFL,1741818565.0
bitcoin,"üö® Changelly Admits They Have Everything, But Still Holding 1.057 BTC ($105,000) üö®",81,24,https://i.redd.it/rr7o4fmt29oe1.jpeg,1741781556.0
bitcoin,New to bitcoin,12,16,https://www.reddit.com/r/Bitcoin/comments/1j9xal4/new_to_bitcoin/,1741820036.0
bitcoin,"Reality hits hard, but bitcoin profits hit harder",284,15,https://i.redd.it/sppmcd2wq6oe1.jpeg,1741753376.0
bitcoin,Is this cooking?,5,3,https://www.reddit.com/r/Bitcoin/comments/1ja0cpx/is_this_cooking/,1741828508.0
bitcoin,13 years ago...crazy. Check out 2nd screenshot.,859,65,https://www.reddit.com/gallery/1j938q9,1741731194.0
bitcoin,Your Daily Bitcoin Breakdown newsletter is now live. Check out today‚Äôs Top Stories and a sneak peek at the latest Quick Bits snippets. Full issue link is in the comments.,18,3,https://www.reddit.com/gallery/1j9rezx,1741805001.0
bitcoin,Full node and Bitaxe,33,3,https://www.reddit.com/gallery/1j9nh6r,1741795407.0
bitcoin,'member?,56,15,https://i.redd.it/k8egqfwt69oe1.png,1741783056.0
bitcoin,Cantor Fitzgerald (US Commerce Secretary Firm) Launches Bitcoin Financing Business,25,3,"https://www.marketsmedia.com/cantor-fitzgerald-launches-bitcoin-financing-business/#:~:text=Cantor%20Fitzgerald%20announced%20that%20Anchorage,institutional%20investors%20who%20hold%20Bitcoin.",1741799056.0
bitcoin,"Blue door, my mistake was not buying Bitcoin in 2010 when I first heard about it :(",500,138,https://i.redd.it/4oh3fg7km5oe1.jpeg,1741739885.0
bitcoin,Simple math,227,5,https://i.redd.it/ope93wbzv6oe1.jpeg,1741755040.0
bitcoin,Why is everyone losing their shit over a 30% pull back?,605,331,https://www.reddit.com/r/Bitcoin/comments/1j94d38/why_is_everyone_losing_their_shit_over_a_30_pull/,1741734156.0
bitcoin,"If you see what I see, you are on the right path.",745,35,https://i.redd.it/z7q5sx4js4oe1.jpeg,1741729668.0
bitcoin,I Built an HTML5 Bitcoin Game: Can YOU Beat the HODLer,35,13,https://www.reddit.com/r/Bitcoin/comments/1j9kr47/i_built_an_html5_bitcoin_game_can_you_beat_the/,1741788062.0
bitcoin,"I love bitcoin, here are some reasons why!",21,21,https://www.reddit.com/r/Bitcoin/comments/1j9n4e3/i_love_bitcoin_here_are_some_reasons_why/,1741794536.0
bitcoin,What happens to BTC when?,1,8,https://www.reddit.com/r/Bitcoin/comments/1ja71i5/what_happens_to_btc_when/,1741853307.0
bitcoin,EmberAppReferralCodd,0,0,https://www.reddit.com/r/Bitcoin/comments/1ja6yo1/emberappreferralcodd/,1741852913.0
bitcoin,Bitcoin World,12,0,https://i.redd.it/jk4wicm7uaoe1.gif,1741802881.0
bitcoin,Success Stories,0,2,https://www.reddit.com/r/Bitcoin/comments/1ja9kl0/success_stories/,1741864545.0
bitcoin,Gov't buying Bitcoin,0,8,https://www.reddit.com/r/Bitcoin/comments/1jae3cj/govt_buying_bitcoin/,1741878338.0
bitcoin,Found Screenshots from June 2023. True Wealth Preservation,18,0,https://i.redd.it/6evv6chej9oe1.png,1741787130.0
bitcoin,what's your average cost?,53,334,https://www.reddit.com/r/Bitcoin/comments/1j9fae6/whats_your_average_cost/,1741767679.0
bitcoin,Pro money printing?,3,19,https://www.reddit.com/r/Bitcoin/comments/1j9y6ni/pro_money_printing/,1741822392.0
bitcoin,Spending entire savings on Bitcoin,130,59,https://www.reddit.com/r/Bitcoin/comments/1j995bp/spending_entire_savings_on_bitcoin/,1741747522.0
bitcoin,The Bitcoin Newtonian Prediction Model (Updated) created by me.,6,3,https://pdfhost.io/v/FC1p7ER.o_The_Newtonian_Prediction_Model,1741805997.0
bitcoin,Newbie Question About Anonymity,7,4,https://www.reddit.com/r/Bitcoin/comments/1j9opxh/newbie_question_about_anonymity/,1741798467.0
bitcoin,Bitcoin: The New Gunpowder ‚Äì Why Nation-States & Corporations Must Adapt or Be Left Behind!,10,1,https://youtu.be/kXryRMaZmyU?si=RKQqeahzjfKt4H08,1741790389.0
bitcoin,WhAtS tHe uSeCaSe???,1,1,https://youtu.be/cagoyF3WePo?si=bUbl18ANjcLbq6j3,1741835232.0
bitcoin,"Is it still early? (""Again"")",1,39,https://www.reddit.com/r/Bitcoin/comments/1j9xjzm/is_it_still_early_again/,1741820712.0
bitcoin,What is up with the In bitcoin we trust subreddit?,19,11,https://www.reddit.com/r/Bitcoin/comments/1j9hdnh/what_is_up_with_the_in_bitcoin_we_trust_subreddit/,1741776975.0
bitcoin,Missing transfer,0,5,https://www.reddit.com/r/Bitcoin/comments/1ja1z6i/missing_transfer/,1741833451.0
bitcoin,Is every macro signal good for bitcoin? Nik Bhatia and The Bitcoin Layer's newest report,3,1,https://unchained.com/tbl/21-million-vs-market-chaos,1741811769.0
bitcoin,how to calm your bro,78,6,https://v.redd.it/o3socwle26oe1,1741745135.0
bitcoin,Investing,8,4,https://www.reddit.com/r/Bitcoin/comments/1j9k3nn/investing/,1741786202.0
bitcoin,Just bought some bitcoin,170,121,https://www.reddit.com/r/Bitcoin/comments/1j90sms/just_bought_some_bitcoin/,1741725052.0
bitcoin,"The dip so enticing,  it kept going...",353,19,https://i.redd.it/su4xa24313oe1.jpeg,1741708439.0
bitcoin,Bitcoin and security?,4,21,https://www.reddit.com/r/Bitcoin/comments/1j9putv/bitcoin_and_security/,1741801201.0
bitcoin,"Daily Discussion, March 12, 2025",24,92,https://www.reddit.com/r/Bitcoin/comments/1j9cyam/daily_discussion_march_12_2025/,1741759605.0
bitcoin,Don't panic sell,3660,260,https://i.redd.it/h8mc26xb4zne1.png,1741660995.0
bitcoin,How should the United States pursue a Bitcoin Strategy,237,32,https://v.redd.it/jm63rbt993oe1,1741711083.0
bitcoin,OTC buying and selling,4,7,https://www.reddit.com/r/Bitcoin/comments/1j9kz7f/otc_buying_and_selling/,1741788666.0
bitcoin,The future is already set,841,37,https://i.redd.it/121n87hoy0oe1.jpeg,1741683307.0
bitcoin,"""What % of your savings are in bitcoin"" uhhhh",34,4,https://i.redd.it/6wxoj8em06oe1.jpeg,1741744494.0
bitcoin,Coldcard MK4 UX Flaw,0,30,https://www.reddit.com/r/Bitcoin/comments/1ja3uua/coldcard_mk4_ux_flaw/,1741839632.0
bitcoin,How to log all IP connections when running a node,0,3,https://www.reddit.com/r/Bitcoin/comments/1j9uanm/how_to_log_all_ip_connections_when_running_a_node/,1741812016.0
bitcoin,Never Forget: There is No Second Best!,45,2,https://v.redd.it/czrq9hdl85oe1,1741735068.0
bitcoin,Nebraska ‚ÄòOpen for Business‚Äô to Crypto With New Bitcoin ATM Law,1,1,https://www.reddit.com/r/Bitcoin/comments/1j9t3e5/nebraska_open_for_business_to_crypto_with_new/,1741809039.0
bitcoin,How many % of your savings do you hold in btc?,63,219,https://www.reddit.com/r/Bitcoin/comments/1j91sik/how_many_of_your_savings_do_you_hold_in_btc/,1741727521.0
bitcoin,"Don‚Äôt trust, Verify",96,34,https://www.reddit.com/gallery/1j8yl6n,1741719645.0
bitcoin,Is this the most secure way to self custody ?,0,5,https://youtu.be/8037I6voa0E?si=oqSTQXoUZIPQEXJP,1741803874.0
bitcoin,how to buy bitcoin/crypto etransfer no id,0,4,https://www.reddit.com/r/Bitcoin/comments/1j9qxmy/how_to_buy_bitcoincrypto_etransfer_no_id/,1741803829.0
bitcoin,"Today, Congressman - Nick  Begich introduced the BITCOIN Act of 2025 in the U.S. House",59,10,https://youtu.be/WonLk6j1Pew?si=lvn5TJr_8v6iJ6kN,1741724123.0
ethereum,Weekly Discussion Thread [What are you building?],6,2,https://www.reddit.com/r/ethereum/comments/1j715j4/weekly_discussion_thread_what_are_you_building/,1741500090.0
ethereum,"Daily General Discussion - March 13, 2025",112,153,https://www.reddit.com/r/ethereum/comments/1ja5dmp/daily_general_discussion_march_13_2025/,1741845677.0
ethereum,We're thrilled to release Solidity v0.8.29!,20,1,/r/ethdev/comments/1j9pvk2/were_thrilled_to_release_solidity_v0829/,1741805992.0
ethereum,Ethereum Pectra upgrade scope,88,11,https://www.reddit.com/r/ethereum/comments/1j9gc4o/ethereum_pectra_upgrade_scope/,1741772658.0
ethereum,"Daily General Discussion - March 12, 2025",163,505,https://www.reddit.com/r/ethereum/comments/1j9cuge/daily_general_discussion_march_12_2025/,1741759279.0
ethereum,Using Crypto to Receive My Salary,9,23,https://www.reddit.com/r/ethereum/comments/1j9o25n/using_crypto_to_receive_my_salary/,1741796843.0
ethereum,Ethereum Observer #10 - A Weekly R&D and Ecosystem News Roundup,6,0,https://www.reddit.com/r/ethereum/comments/1j9muui/ethereum_observer_10_a_weekly_rd_and_ecosystem/,1741793846.0
ethereum,Bankrbot ends Grok's unintentional token creation spree by disabling interactions on X,0,1,https://www.theblock.co/post/346027/bankrbot-ends-groks-unintentional-token-creation-spree-by-disabling-interactions-on-x,1741850217.0
ethereum,scammed by moonpay?,0,15,https://www.reddit.com/r/ethereum/comments/1ja6lpe/scammed_by_moonpay/,1741851192.0
ethereum,EIP-7623: Increase calldata cost - audio podcast is LIVE! üò∫ | üéô New #PEEPanEIP 140,3,0,https://www.reddit.com/r/ethereum/comments/1j9mmap/eip7623_increase_calldata_cost_audio_podcast_is/,1741793232.0
ethereum,How do I check if a wallet is connect to scammers,0,4,https://www.reddit.com/r/ethereum/comments/1j9twgi/how_do_i_check_if_a_wallet_is_connect_to_scammers/,1741811031.0
ethereum,"Yesterday in Ethereum, Tuesday, March 11, 2025",30,5,https://www.reddit.com/r/ethereum/comments/1j9065l/yesterday_in_ethereum_tuesday_march_11_2025/,1741723500.0
ethereum,Web 3 Hackathon as a beginner,6,2,https://www.reddit.com/r/ethereum/comments/1j9bwiu/web_3_hackathon_as_a_beginner/,1741756463.0
ethereum,Why is it so expensive to send money from exchange to cold storage for ethereum?!! 20% am I an idiot or do people pay this?,0,24,https://www.reddit.com/r/ethereum/comments/1ja0uin/why_is_it_so_expensive_to_send_money_from/,1741830000.0
ethereum,Obol raises $4.2M for Continued Development of Ethereum Distributed Validators,18,4,https://x.com/Obol_Collective/status/1899489139323773195,1741717399.0
ethereum,"Daily General Discussion - March 11, 2025",163,485,https://www.reddit.com/r/ethereum/comments/1j8k469/daily_general_discussion_march_11_2025/,1741672872.0
ethereum,How Holesky Finally Reached Stability,27,2,https://etherworld.co/2025/03/11/how-holesky-finally-reached-stability/,1741684647.0
ethereum,Introducing Shutter API: Threshold Encryption Service for Dapps,5,1,https://www.reddit.com/r/ethereum/comments/1j8r46m/introducing_shutter_api_threshold_encryption/,1741700773.0
ethereum,Hole≈°ky testnet finalized,50,3,https://x.com/ethpandaops/status/1899184122825765187,1741644728.0
ethereum,üéô Ethereum‚Äôs Fast Confirmation Rule audio podcast is LIVE! | PEEPanEIP 139‚ö°,1,0,https://www.reddit.com/r/ethereum/comments/1j8t4zu/ethereums_fast_confirmation_rule_audio_podcast_is/,1741706207.0
ethereum,"Daily General Discussion - March 10, 2025",179,950,https://www.reddit.com/r/ethereum/comments/1j7s0e4/daily_general_discussion_march_10_2025/,1741586492.0
ethereum,Some Ethereum-related content I've found interesting last week,16,4,https://www.reddit.com/r/ethereum/comments/1j826us/some_ethereumrelated_content_ive_found/,1741622841.0
ethereum,"Yesterday in Ethereum, Monday, March 10, 2025",24,1,https://www.reddit.com/r/ethereum/comments/1j7yc5b/yesterday_in_ethereum_monday_march_10_2025/,1741612533.0
ethereum,Where is polynya and the l2 world,0,12,https://www.reddit.com/r/ethereum/comments/1j8s57r/where_is_polynya_and_the_l2_world/,1741703609.0
ethereum,"Client Testing Call #28, March 10th 2025",3,0,https://ethereum-magicians.org/t/client-testing-call-28-march-10th-2025/23107,1741635998.0
ethereum,Spanish lender BBVA to offer bitcoin and ether trading ü•≥,37,2,https://www.investing.com/news/stock-market-news/spanish-lender-bbva-to-offer-bitcoin-and-ether-trading-3916672,1741585533.0
ethereum,"Do all the affordable, air-gapped wallets suck?",14,40,https://www.reddit.com/r/ethereum/comments/1j7rncv/do_all_the_affordable_airgapped_wallets_suck/,1741584988.0
ethereum,New PEEPanEIP 138 audio podcast is LIVE!,1,0,https://www.reddit.com/r/ethereum/comments/1j86uba/new_peepaneip_138_audio_podcast_is_live/,1741634235.0
ethereum,"Ethereum Staking Going Down? | Data on Staked ETH Share, Validators, Trends, Top Staking Pools | Mar 2025",1,2,https://peakd.com/eth/@dalz/ethereum-staking-going-down-or-data-on-staked-eth-share-validators-trends-top-staking-pools-or-mar-2025,1741624875.0
ethereum,EtherWorld Weekly ‚Äî Edition 310,5,1,https://etherworld.co/2025/03/07/etherworld-weekly-edition-310/,1741595727.0
ethereum,Marius: Sepolia Pectra fork incident recap,24,1,https://mariusvanderwijden.github.io/blog/2025/03/08/Sepolia/,1741550190.0
ethereum,Problem on network fees for deployng even a small contract,0,2,https://www.reddit.com/r/ethereum/comments/1j7wjcv/problem_on_network_fees_for_deployng_even_a_small/,1741606502.0
ethereum,"Daily General Discussion - March 09, 2025",170,323,https://www.reddit.com/r/ethereum/comments/1j721hx/daily_general_discussion_march_09_2025/,1741503661.0
ethereum,"Yesterday in Ethereum, Saturday, March 8, 2025",41,5,https://www.reddit.com/r/ethereum/comments/1j6or9z/yesterday_in_ethereum_saturday_march_8_2025/,1741461911.0
ethereum,Meet the 10 Women Who Are Shaping the Future of Ethereum,45,70,https://etherworld.co/2025/03/08/meet-the-10-women-who-are-shaping-the-future-of-ethereum/,1741454755.0
ethereum,Ethereum‚Äôs Pectra Upgrade Successfully Activates on Sepolia Testnet,55,3,https://ecency.com/hive-167922/@mikezillo/ethereum-s-pectra-upgrade-successfully,1741444761.0
ethereum,"Daily General Discussion - March 08, 2025",158,213,https://www.reddit.com/r/ethereum/comments/1j6blzq/daily_general_discussion_march_08_2025/,1741417306.0
ethereum,Consensus-layer Call 152 - Protocol Call,7,0,https://ethereum-magicians.org/t/consensus-layer-call-152/22959,1741469022.0
ethereum,"Ethereum Staking Going Down? | Data on Staked ETH Share, Validators, Trends, Top Staking Pools",0,9,https://ecency.com/eth/@dalz/ethereum-staking-going-down-or-data-on-staked-eth-share-validators-trends-top-staking-pools-or-mar-2025,1741530923.0
ethereum,"Daily General Discussion - March 07, 2025",171,456,https://www.reddit.com/r/ethereum/comments/1j5hofm/daily_general_discussion_march_07_2025/,1741330883.0
ethereum,What type of scam did I just fell for? Help pls,0,23,https://www.reddit.com/r/ethereum/comments/1j6bwqa/what_type_of_scam_did_i_just_fell_for_help_pls/,1741418539.0
ethereum,when to transfer eth to cold wallet?,12,16,https://www.reddit.com/r/ethereum/comments/1j5ppk5/when_to_transfer_eth_to_cold_wallet/,1741358742.0
ethereum,"Yesterday in Ethereum - Thursday, March 6, 2025, v2",9,4,https://www.reddit.com/r/ethereum/comments/1j5n6hq/yesterday_in_ethereum_thursday_march_6_2025_v2/,1741352825.0
ethereum,"If Ethereum had remained PoW, would it have helped sustainable energy adoption?",0,21,https://www.reddit.com/r/ethereum/comments/1j6ieef/if_ethereum_had_remained_pow_would_it_have_helped/,1741444423.0
ethereum,Highlights of Ethereum's All Core Devs Meeting (ACDC) #152,10,0,https://etherworld.co/2025/03/07/highlights-of-ethereums-all-core-devs-meeting-acdc-152/,1741317729.0
ethereum,How secure is posting your Coinbase ETH QR for receiving SHIB?,8,12,https://www.reddit.com/r/ethereum/comments/1j5f6bl/how_secure_is_posting_your_coinbase_eth_qr_for/,1741321387.0
ethereum,Celebrating International Women‚Äôs Day with Ethereum,0,1,https://etherworld.co/2025/03/07/celebrating-international-womens-day-with-ethereum/,1741354430.0
ethereum,Protocol that hide sender,21,10,https://www.reddit.com/r/ethereum/comments/1j543a7/protocol_that_hide_sender/,1741290074.0
ethereum,Building castles without kings,35,10,https://x.com/MacBudkowski/status/1897678191520633029,1741277594.0
ethereum,"Daily General Discussion - March 06, 2025",161,330,https://www.reddit.com/r/ethereum/comments/1j4prxx/daily_general_discussion_march_06_2025/,1741244484.0
ethereum,Any old smart contracts expected to break due to 7702?,10,3,https://www.reddit.com/r/ethereum/comments/1j52d8w/any_old_smart_contracts_expected_to_break_due_to/,1741285804.0
ethereum,Will Vitalik wear a suit to the White House?,117,86,https://www.reddit.com/r/ethereum/comments/1j4oisz/will_vitalik_wear_a_suit_to_the_white_house/,1741239467.0
ethereum,crypto is beautiful,1,14,https://www.reddit.com/r/ethereum/comments/1j5755w/crypto_is_beautiful/,1741297768.0
ethereum,How Elixir‚Äôs Integration with Ethereum Unlocks DeFi Liquidity,4,2,https://www.reddit.com/r/ethereum/comments/1j4x19y/how_elixirs_integration_with_ethereum_unlocks/,1741272321.0
ethereum,"Yesterday in Ethereum - Wednesday, March 5, 2025",80,8,https://www.reddit.com/r/ethereum/comments/1j4bf2b/yesterday_in_ethereum_wednesday_march_5_2025/,1741202580.0
ethereum,Safe Watcher bot by 0xmikko,4,1,https://github.com/Gearbox-protocol/safe-watcher,1741250993.0
ethereum,"Daily General Discussion - March 05, 2025",164,482,https://www.reddit.com/r/ethereum/comments/1j3xddk/daily_general_discussion_march_05_2025/,1741158094.0
ethereum,Devconnect 2025 - An ‚ÄúEthereum World‚Äôs Fair‚Äù in Buenos Aires | Ethereum Foundation Blog,24,1,https://blog.ethereum.org/2025/03/05/devconnect-2025,1741183489.0
ethereum,Ethereum Observer #9 - A Weekly R&D and Ecosystem News Roundup,10,1,https://www.reddit.com/r/ethereum/comments/1j47hnw/ethereum_observer_9_a_weekly_rd_and_ecosystem/,1741193212.0
ethereum,Pectra Upgrade is Live on Sepolia,49,4,https://etherworld.co/2025/03/05/pectra-upgrade-is-live-on-sepolia/,1741164271.0
ethereum,Sepolia Pectra Incident Update | Ethereum Foundation Blog,14,3,https://blog.ethereum.org/2025/03/05/sepolia-pectra-incident,1741185631.0
ethereum,Sepolia testnet finalized after upgrading to Pectra,49,1,https://i.redd.it/cq6sfcmbutme1.jpeg,1741161247.0
ethereum,Devconnect 2025: Help bringing Argentina onchain,12,1,https://forum.devcon.org/t/devconnect-2025-help-bringing-argentina-onchain/5471,1741180521.0
ethereum,Web2 & Web3 Developers: Help Shape the Future of Decentralized Community Platforms! üöÄ,6,2,https://www.reddit.com/r/ethereum/comments/1j43az4/web2_web3_developers_help_shape_the_future_of/,1741182050.0
ethereum,Ethereum‚Äôs Pectra Fork Faces Challenges on Sepolia Testnet,3,2,https://etherworld.co/2025/03/05/ethereums-pectra-fork-faces-challenges-on-sepolia-testnet/,1741185818.0
ethereum,Not all hardware wallets are created equal.  Bybit should have been using a Lattice1,23,25,https://x.com/gridplus/status/1897117194577965469?s=46,1741146658.0
ethereum,"Stealth KeyCard ""Garden Center"" available",3,0,https://xcancel.com/Keycard_/status/1897172018799501590,1741163376.0
ethereum,About $500 of Crypto Was Drained From My Ethereum Address!,5,3,https://i.redd.it/2bvsr6lcjsme1.jpeg,1741145448.0
ethereum,"Daily General Discussion - March 04, 2025",178,399,https://www.reddit.com/r/ethereum/comments/1j3537a/daily_general_discussion_march_04_2025/,1741071688.0
ethereum,Is Sandwich attacks a thing on Rollups like arbitrum?,13,6,https://www.reddit.com/r/ethereum/comments/1j3kq1a/is_sandwich_attacks_a_thing_on_rollups_like/,1741120242.0
ethereum,Kakarot Labs Joins Ethereum's BEAM Intiative,17,0,https://etherworld.co/2025/03/04/kakarot-labs-joins-ethereums-beam-initiative/,1741099174.0
ethereum,Purr-suit of Ethereum üêæ # 7,6,0,https://www.reddit.com/r/ethereum/comments/1j3ckva/purrsuit_of_ethereum_7/,1741100165.0
ethereum,How do you guys feel about using ETH as currency?,36,71,https://www.reddit.com/r/ethereum/comments/1j33341/how_do_you_guys_feel_about_using_eth_as_currency/,1741063901.0
ethereum,Staking rewards question,5,13,https://www.reddit.com/r/ethereum/comments/1j3bocw/staking_rewards_question/,1741097615.0
ethereum,"Pectra upgrade in March 2025 will enable users to pay gas fees with ERC-20, but how?",15,8,https://www.reddit.com/r/ethereum/comments/1j33kwf/pectra_upgrade_in_march_2025_will_enable_users_to/,1741065639.0
ethereum,The Hidden Challenges of Ethereum Gas Fees (And How Devs Are Solving It),6,0,https://etherworld.co/2025/03/04/the-hidden-challenges-of-ethereum-gas-fees-and-how-devs-are-solving-it/,1741075026.0
ethereum,Wallet address identifier,8,9,https://www.reddit.com/r/ethereum/comments/1j2yn3t/wallet_address_identifier/,1741049950.0
ethereum,"Daily General Discussion - March 03, 2025",192,825,https://www.reddit.com/r/ethereum/comments/1j2cxi7/daily_general_discussion_march_03_2025/,1740985304.0
ethereum,"Eth protocol call: Client testing call #27, March 3rd 2025",6,0,https://ethereum-magicians.org/t/client-testing-call-27-march-3rd-2025/23050,1741060212.0
ethereum,Pectra devnet-7 for staking pools/tooling to test on,3,0,https://x.com/parithosh_j/status/1896690440327618696,1741068014.0
ethereum,Some Ethereum-related content I've found interesting last week,28,0,https://www.reddit.com/r/ethereum/comments/1j2l05g/some_ethereumrelated_content_ive_found/,1741015204.0
ethereum,Ethereum Developers Are Improving the Withdrawal Process,79,16,https://etherworld.co/2025/03/03/ethereum-developers-are-improving-the-withdrawal-process/,1740993307.0
ethereum,Smart contract,0,10,https://www.reddit.com/r/ethereum/comments/1j34dl4/smart_contract/,1741068735.0
ethereum,Sealed transactions,20,1,https://ethresear.ch/t/sealed-transactions/21859,1741003493.0
ethereum,ETH included in US Crypto Reserve,507,135,https://www.reddit.com/r/ethereum/comments/1j1vcf7/eth_included_in_us_crypto_reserve/,1740934447.0
ethereum,ETH value accrual thesis via blob space,19,4,https://www.reddit.com/r/ethereum/comments/1j2f9rq/eth_value_accrual_thesis_via_blob_space/,1740995766.0
ethereum,Aftermath of Holesky Testnet Incident: Lessons Learned,8,2,https://etherworld.co/2025/03/03/aftermath-of-holesky-testnet-incident-lessons-learned/,1741012790.0
ethereum,Sad and funny. You have to check this!,12,5,https://www.reddit.com/r/ethereum/comments/1j2dxm5/sad_and_funny_you_have_to_check_this/,1740989696.0
ethereum,Introducing ZKnox | @ethereumfndn,3,0,https://xcancel.com/ethereumfndn/status/1896592240228893072,1741017970.0
ethereum,"Introducing Gas Network - Bringing web3 gas markets onchain
by Blocknative",1,1,https://paragraph.xyz/@gas/introducing-gas-network,1741036783.0
ethereum,"PEEPanEIP#143: EIP-7691 Blob throughput increase with Parithosh, Toni and Sam",3,0,https://www.reddit.com/r/ethereum/comments/1j2h3tr/peepaneip143_eip7691_blob_throughput_increase/,1741003281.0
ethereum,Exploiting eth_call for optimization purposes,1,1,https://coinfabrikdev.wpenginepowered.com/blog/exploiting-eth_call-for-optimization-purposes/,1741013306.0
ethereum,EtherWorld Weekly ‚Äî Edition 309,5,0,https://etherworld.co/2025/02/28/etherworld-weekly-edition-309/,1740981100.0
ethereum,"Daily General Discussion - March 02, 2025",181,616,https://www.reddit.com/r/ethereum/comments/1j1l1st/daily_general_discussion_march_02_2025/,1740898887.0
ethereum,Danny Ryan joining Etherealize as co-founder,66,2,https://xcancel.com/dannyryan/status/1895851747865944114,1740910695.0
ethereum,"How are phishing contracts be able to initiate ""OUT"" transfers of fake tokens from my wallet",5,3,https://www.reddit.com/r/ethereum/comments/1j256dx/how_are_phishing_contracts_be_able_to_initiate/,1740959406.0
ethereum,Rocketpool/Revolut Staking,3,4,https://www.reddit.com/r/ethereum/comments/1j1z7rg/rocketpoolrevolut_staking/,1740943946.0
ethereum,Weekly Discussion Thread [What are you building?],14,6,https://www.reddit.com/r/ethereum/comments/1j1k583/weekly_discussion_thread_what_are_you_building/,1740895276.0
ethereum,Boost Your dApp Development: Leveraging Cartesi‚Äôs Linux Coprocessor,2,1,https://www.reddit.com/r/ethereum/comments/1j1u89y/boost_your_dapp_development_leveraging_cartesis/,1740931637.0
ethereum,Welcoming a new EF leadership structure | Ethereum Foundation Blog,86,12,https://blog.ethereum.org/2025/03/01/leadership-announcement,1740841347.0
